solid OpenSCAD_Model
  facet normal 1 -0 0
    outer loop
      vertex 26 9 2
      vertex 26 21 0
      vertex 26 21 2
    endloop
  endfacet
  facet normal 1 0 0
    outer loop
      vertex 26 21 0
      vertex 26 9 2
      vertex 26 9 0
    endloop
  endfacet
  facet normal -1 0 0
    outer loop
      vertex 27.2 9 0
      vertex 27.2 21 2
      vertex 27.2 21 0
    endloop
  endfacet
  facet normal -1 -0 0
    outer loop
      vertex 27.2 21 2
      vertex 27.2 9 0
      vertex 27.2 9 2
    endloop
  endfacet
  facet normal 0 -1 0
    outer loop
      vertex 26 21 0
      vertex 27.2 21 2
      vertex 26 21 2
    endloop
  endfacet
  facet normal 0 -1 -0
    outer loop
      vertex 27.2 21 2
      vertex 26 21 0
      vertex 27.2 21 0
    endloop
  endfacet
  facet normal 0 1 -0
    outer loop
      vertex 27.2 9 0
      vertex 26 9 2
      vertex 27.2 9 2
    endloop
  endfacet
  facet normal 0 1 0
    outer loop
      vertex 26 9 2
      vertex 27.2 9 0
      vertex 26 9 0
    endloop
  endfacet
  facet normal 1 -0 0
    outer loop
      vertex 29 9 2
      vertex 29 21 0
      vertex 29 21 2
    endloop
  endfacet
  facet normal 1 0 0
    outer loop
      vertex 29 21 0
      vertex 29 9 2
      vertex 29 9 0
    endloop
  endfacet
  facet normal -1 0 0
    outer loop
      vertex 30.2 9 0
      vertex 30.2 21 2
      vertex 30.2 21 0
    endloop
  endfacet
  facet normal -1 -0 0
    outer loop
      vertex 30.2 21 2
      vertex 30.2 9 0
      vertex 30.2 9 2
    endloop
  endfacet
  facet normal 0 -1 0
    outer loop
      vertex 29 21 0
      vertex 30.2 21 2
      vertex 29 21 2
    endloop
  endfacet
  facet normal 0 -1 -0
    outer loop
      vertex 30.2 21 2
      vertex 29 21 0
      vertex 30.2 21 0
    endloop
  endfacet
  facet normal 0 1 -0
    outer loop
      vertex 30.2 9 0
      vertex 29 9 2
      vertex 30.2 9 2
    endloop
  endfacet
  facet normal 0 1 0
    outer loop
      vertex 29 9 2
      vertex 30.2 9 0
      vertex 29 9 0
    endloop
  endfacet
  facet normal 1 -0 0
    outer loop
      vertex 32 9 2
      vertex 32 21 0
      vertex 32 21 2
    endloop
  endfacet
  facet normal 1 0 0
    outer loop
      vertex 32 21 0
      vertex 32 9 2
      vertex 32 9 0
    endloop
  endfacet
  facet normal -1 0 0
    outer loop
      vertex 33.2 9 0
      vertex 33.2 21 2
      vertex 33.2 21 0
    endloop
  endfacet
  facet normal -1 -0 0
    outer loop
      vertex 33.2 21 2
      vertex 33.2 9 0
      vertex 33.2 9 2
    endloop
  endfacet
  facet normal 0 -1 0
    outer loop
      vertex 32 21 0
      vertex 33.2 21 2
      vertex 32 21 2
    endloop
  endfacet
  facet normal 0 -1 -0
    outer loop
      vertex 33.2 21 2
      vertex 32 21 0
      vertex 33.2 21 0
    endloop
  endfacet
  facet normal 0 1 -0
    outer loop
      vertex 33.2 9 0
      vertex 32 9 2
      vertex 33.2 9 2
    endloop
  endfacet
  facet normal 0 1 0
    outer loop
      vertex 32 9 2
      vertex 33.2 9 0
      vertex 32 9 0
    endloop
  endfacet
  facet normal 1 -0 0
    outer loop
      vertex 35 9 2
      vertex 35 21 0
      vertex 35 21 2
    endloop
  endfacet
  facet normal 1 0 0
    outer loop
      vertex 35 21 0
      vertex 35 9 2
      vertex 35 9 0
    endloop
  endfacet
  facet normal -1 0 0
    outer loop
      vertex 36.2 9 0
      vertex 36.2 21 2
      vertex 36.2 21 0
    endloop
  endfacet
  facet normal -1 -0 0
    outer loop
      vertex 36.2 21 2
      vertex 36.2 9 0
      vertex 36.2 9 2
    endloop
  endfacet
  facet normal 0 -1 0
    outer loop
      vertex 35 21 0
      vertex 36.2 21 2
      vertex 35 21 2
    endloop
  endfacet
  facet normal 0 -1 -0
    outer loop
      vertex 36.2 21 2
      vertex 35 21 0
      vertex 36.2 21 0
    endloop
  endfacet
  facet normal 0 1 -0
    outer loop
      vertex 36.2 9 0
      vertex 35 9 2
      vertex 36.2 9 2
    endloop
  endfacet
  facet normal 0 1 0
    outer loop
      vertex 35 9 2
      vertex 36.2 9 0
      vertex 35 9 0
    endloop
  endfacet
  facet normal 1 -0 0
    outer loop
      vertex 38 9 2
      vertex 38 21 0
      vertex 38 21 2
    endloop
  endfacet
  facet normal 1 0 0
    outer loop
      vertex 38 21 0
      vertex 38 9 2
      vertex 38 9 0
    endloop
  endfacet
  facet normal -1 0 0
    outer loop
      vertex 39.2 9 0
      vertex 39.2 21 2
      vertex 39.2 21 0
    endloop
  endfacet
  facet normal -1 -0 0
    outer loop
      vertex 39.2 21 2
      vertex 39.2 9 0
      vertex 39.2 9 2
    endloop
  endfacet
  facet normal 0 -1 0
    outer loop
      vertex 38 21 0
      vertex 39.2 21 2
      vertex 38 21 2
    endloop
  endfacet
  facet normal 0 -1 -0
    outer loop
      vertex 39.2 21 2
      vertex 38 21 0
      vertex 39.2 21 0
    endloop
  endfacet
  facet normal 0 1 -0
    outer loop
      vertex 39.2 9 0
      vertex 38 9 2
      vertex 39.2 9 2
    endloop
  endfacet
  facet normal 0 1 0
    outer loop
      vertex 38 9 2
      vertex 39.2 9 0
      vertex 38 9 0
    endloop
  endfacet
  facet normal 1 -0 0
    outer loop
      vertex 41 9 2
      vertex 41 21 0
      vertex 41 21 2
    endloop
  endfacet
  facet normal 1 0 0
    outer loop
      vertex 41 21 0
      vertex 41 9 2
      vertex 41 9 0
    endloop
  endfacet
  facet normal -1 0 0
    outer loop
      vertex 42.2 9 0
      vertex 42.2 21 2
      vertex 42.2 21 0
    endloop
  endfacet
  facet normal -1 -0 0
    outer loop
      vertex 42.2 21 2
      vertex 42.2 9 0
      vertex 42.2 9 2
    endloop
  endfacet
  facet normal 0 1 -0
    outer loop
      vertex 42.2 9 0
      vertex 41 9 2
      vertex 42.2 9 2
    endloop
  endfacet
  facet normal 0 1 0
    outer loop
      vertex 41 9 2
      vertex 42.2 9 0
      vertex 41 9 0
    endloop
  endfacet
  facet normal 0 -1 0
    outer loop
      vertex 41 21 0
      vertex 42.2 21 2
      vertex 41 21 2
    endloop
  endfacet
  facet normal 0 -1 -0
    outer loop
      vertex 42.2 21 2
      vertex 41 21 0
      vertex 42.2 21 0
    endloop
  endfacet
  facet normal 1 -0 0
    outer loop
      vertex 12 0 15
      vertex 12 0.799999 12.5
      vertex 12 0.799999 15
    endloop
  endfacet
  facet normal 1 0 0
    outer loop
      vertex 12 0.799999 12.5
      vertex 12 0 15
      vertex 12 0 12.5
    endloop
  endfacet
  facet normal 0 0 -1
    outer loop
      vertex 12 0 15
      vertex 18 0.799999 15
      vertex 18 0 15
    endloop
  endfacet
  facet normal -0 0 -1
    outer loop
      vertex 18 0.799999 15
      vertex 12 0 15
      vertex 12 0.799999 15
    endloop
  endfacet
  facet normal -1 0 0
    outer loop
      vertex 18 0 12.5
      vertex 18 0.799999 15
      vertex 18 0.799999 12.5
    endloop
  endfacet
  facet normal -1 -0 0
    outer loop
      vertex 18 0.799999 15
      vertex 18 0 12.5
      vertex 18 0 15
    endloop
  endfacet
  facet normal 0 -1 0
    outer loop
      vertex 12 0.799999 12.5
      vertex 18 0.799999 15
      vertex 12 0.799999 15
    endloop
  endfacet
  facet normal 0 -1 -0
    outer loop
      vertex 18 0.799999 15
      vertex 12 0.799999 12.5
      vertex 18 0.799999 12.5
    endloop
  endfacet
  facet normal -0 0 1
    outer loop
      vertex 12 0.799999 12.5
      vertex 18 0 12.5
      vertex 18 0.799999 12.5
    endloop
  endfacet
  facet normal 0 0 1
    outer loop
      vertex 18 0 12.5
      vertex 12 0.799999 12.5
      vertex 12 0 12.5
    endloop
  endfacet
  facet normal 1 -0 0
    outer loop
      vertex 32 0 15
      vertex 32 0.799999 12.5
      vertex 32 0.799999 15
    endloop
  endfacet
  facet normal 1 0 0
    outer loop
      vertex 32 0.799999 12.5
      vertex 32 0 15
      vertex 32 0 12.5
    endloop
  endfacet
  facet normal 0 0 -1
    outer loop
      vertex 32 0 15
      vertex 38 0.799999 15
      vertex 38 0 15
    endloop
  endfacet
  facet normal -0 0 -1
    outer loop
      vertex 38 0.799999 15
      vertex 32 0 15
      vertex 32 0.799999 15
    endloop
  endfacet
  facet normal -1 0 0
    outer loop
      vertex 38 0 12.5
      vertex 38 0.799999 15
      vertex 38 0.799999 12.5
    endloop
  endfacet
  facet normal -1 -0 0
    outer loop
      vertex 38 0.799999 15
      vertex 38 0 12.5
      vertex 38 0 15
    endloop
  endfacet
  facet normal 0 -1 0
    outer loop
      vertex 32 0.799999 12.5
      vertex 38 0.799999 15
      vertex 32 0.799999 15
    endloop
  endfacet
  facet normal 0 -1 -0
    outer loop
      vertex 38 0.799999 15
      vertex 32 0.799999 12.5
      vertex 38 0.799999 12.5
    endloop
  endfacet
  facet normal -0 0 1
    outer loop
      vertex 32 0.799999 12.5
      vertex 38 0 12.5
      vertex 38 0.799999 12.5
    endloop
  endfacet
  facet normal 0 0 1
    outer loop
      vertex 38 0 12.5
      vertex 32 0.799999 12.5
      vertex 32 0 12.5
    endloop
  endfacet
  facet normal -0.996917 -0.0784595 0
    outer loop
      vertex 0.0369349 2.5307 0
      vertex 0 3 16
      vertex 0 3 0
    endloop
  endfacet
  facet normal -0.996917 -0.0784595 0
    outer loop
      vertex 0 3 16
      vertex 0.0369349 2.5307 0
      vertex 0.0369349 2.5307 16
    endloop
  endfacet
  facet normal 0.233419 -0.972376 0
    outer loop
      vertex 47.4693 0.0369349 0
      vertex 47.9271 0.14683 16
      vertex 47.4693 0.0369349 16
    endloop
  endfacet
  facet normal 0.233419 -0.972376 0
    outer loop
      vertex 47.9271 0.14683 16
      vertex 47.4693 0.0369349 0
      vertex 47.9271 0.14683 0
    endloop
  endfacet
  facet normal 0 0 1
    outer loop
      vertex 48 28 16
      vertex 50 27 16
      vertex 49.9631 27.4693 16
    endloop
  endfacet
  facet normal 0 0 1
    outer loop
      vertex 50 27 16
      vertex 48 28 16
      vertex 50 3 16
    endloop
  endfacet
  facet normal 0 0 1
    outer loop
      vertex 48 28 16
      vertex 49.9631 27.4693 16
      vertex 49.8532 27.9271 16
    endloop
  endfacet
  facet normal 0 0 1
    outer loop
      vertex 48 2 16
      vertex 50 3 16
      vertex 48 28 16
    endloop
  endfacet
  facet normal -0 0 1
    outer loop
      vertex 48 28 16
      vertex 49.8532 27.9271 16
      vertex 49.673 28.362 16
    endloop
  endfacet
  facet normal 0 0 1
    outer loop
      vertex 50 3 16
      vertex 48 2 16
      vertex 49.9631 2.5307 16
    endloop
  endfacet
  facet normal 0 0 1
    outer loop
      vertex 48 28 16
      vertex 49.673 28.362 16
      vertex 49.4271 28.7634 16
    endloop
  endfacet
  facet normal 0 0 1
    outer loop
      vertex 49.9631 2.5307 16
      vertex 48 2 16
      vertex 49.8532 2.07295 16
    endloop
  endfacet
  facet normal 0 0 1
    outer loop
      vertex 48 28 16
      vertex 49.4271 28.7634 16
      vertex 49.1213 29.1213 16
    endloop
  endfacet
  facet normal 0 0 1
    outer loop
      vertex 49.8532 2.07295 16
      vertex 48 2 16
      vertex 49.673 1.63803 16
    endloop
  endfacet
  facet normal 0 0 1
    outer loop
      vertex 48 28 16
      vertex 49.1213 29.1213 16
      vertex 48.7634 29.4271 16
    endloop
  endfacet
  facet normal 0 0 1
    outer loop
      vertex 49.673 1.63803 16
      vertex 48 2 16
      vertex 49.4271 1.23664 16
    endloop
  endfacet
  facet normal 0 0 1
    outer loop
      vertex 48 28 16
      vertex 48.7634 29.4271 16
      vertex 48.362 29.673 16
    endloop
  endfacet
  facet normal 0 0 1
    outer loop
      vertex 49.4271 1.23664 16
      vertex 48 2 16
      vertex 49.1213 0.878679 16
    endloop
  endfacet
  facet normal 0 0 1
    outer loop
      vertex 49.1213 0.878679 16
      vertex 48 2 16
      vertex 48.7634 0.572948 16
    endloop
  endfacet
  facet normal 0 0 1
    outer loop
      vertex 47.9271 29.8532 16
      vertex 48 28 16
      vertex 48.362 29.673 16
    endloop
  endfacet
  facet normal 0 0 1
    outer loop
      vertex 47.4693 29.9631 16
      vertex 48 28 16
      vertex 47.9271 29.8532 16
    endloop
  endfacet
  facet normal 0 0 1
    outer loop
      vertex 47 30 16
      vertex 48 28 16
      vertex 47.4693 29.9631 16
    endloop
  endfacet
  facet normal -0 0 1
    outer loop
      vertex 3 30 16
      vertex 48 28 16
      vertex 47 30 16
    endloop
  endfacet
  facet normal 0 0 1
    outer loop
      vertex 2 28 16
      vertex 3 30 16
      vertex 2.5307 29.9631 16
    endloop
  endfacet
  facet normal 0 0 1
    outer loop
      vertex 2 28 16
      vertex 2.5307 29.9631 16
      vertex 2.07295 29.8532 16
    endloop
  endfacet
  facet normal 0 0 1
    outer loop
      vertex 3 30 16
      vertex 2 28 16
      vertex 48 28 16
    endloop
  endfacet
  facet normal -0 0 1
    outer loop
      vertex 1.23664 29.4271 16
      vertex 2 28 16
      vertex 1.63803 29.673 16
    endloop
  endfacet
  facet normal -0 0 1
    outer loop
      vertex 1.63803 29.673 16
      vertex 2 28 16
      vertex 2.07295 29.8532 16
    endloop
  endfacet
  facet normal 0 0 1
    outer loop
      vertex 48.7634 0.572948 16
      vertex 48 2 16
      vertex 48.362 0.32698 16
    endloop
  endfacet
  facet normal 0 0 1
    outer loop
      vertex 48 2 16
      vertex 47.9271 0.14683 16
      vertex 48.362 0.32698 16
    endloop
  endfacet
  facet normal 0 0 1
    outer loop
      vertex 48 2 16
      vertex 47.4693 0.0369349 16
      vertex 47.9271 0.14683 16
    endloop
  endfacet
  facet normal 0 0 1
    outer loop
      vertex 48 2 16
      vertex 47 0 16
      vertex 47.4693 0.0369349 16
    endloop
  endfacet
  facet normal 0 0 1
    outer loop
      vertex 48 2 16
      vertex 3 0 16
      vertex 47 0 16
    endloop
  endfacet
  facet normal -0 0 1
    outer loop
      vertex 2 2 16
      vertex 3 0 16
      vertex 48 2 16
    endloop
  endfacet
  facet normal 0 0 1
    outer loop
      vertex 3 0 16
      vertex 2 2 16
      vertex 2.5307 0.0369349 16
    endloop
  endfacet
  facet normal 0 0 1
    outer loop
      vertex 2.5307 0.0369349 16
      vertex 2 2 16
      vertex 2.07295 0.14683 16
    endloop
  endfacet
  facet normal 0 0 1
    outer loop
      vertex 2 2 16
      vertex 1.63803 0.32698 16
      vertex 2.07295 0.14683 16
    endloop
  endfacet
  facet normal 0 0 1
    outer loop
      vertex 2 28 16
      vertex 0 27 16
      vertex 2 2 16
    endloop
  endfacet
  facet normal -0 0 1
    outer loop
      vertex 0.878679 29.1213 16
      vertex 2 28 16
      vertex 1.23664 29.4271 16
    endloop
  endfacet
  facet normal -0 0 1
    outer loop
      vertex 0 3 16
      vertex 2 2 16
      vertex 0 27 16
    endloop
  endfacet
  facet normal -0 0 1
    outer loop
      vertex 0.572948 28.7634 16
      vertex 2 28 16
      vertex 0.878679 29.1213 16
    endloop
  endfacet
  facet normal -0 -0 1
    outer loop
      vertex 0.0369349 2.5307 16
      vertex 2 2 16
      vertex 0 3 16
    endloop
  endfacet
  facet normal -0 0 1
    outer loop
      vertex 0.32698 28.362 16
      vertex 2 28 16
      vertex 0.572948 28.7634 16
    endloop
  endfacet
  facet normal 0 0 1
    outer loop
      vertex 2 2 16
      vertex 1.23664 0.572948 16
      vertex 1.63803 0.32698 16
    endloop
  endfacet
  facet normal 0 0 1
    outer loop
      vertex 0.14683 27.9271 16
      vertex 2 28 16
      vertex 0.32698 28.362 16
    endloop
  endfacet
  facet normal 0 0 1
    outer loop
      vertex 2 2 16
      vertex 0.878679 0.878679 16
      vertex 1.23664 0.572948 16
    endloop
  endfacet
  facet normal 0 0 1
    outer loop
      vertex 0.0369349 27.4693 16
      vertex 2 28 16
      vertex 0.14683 27.9271 16
    endloop
  endfacet
  facet normal 0 0 1
    outer loop
      vertex 2 2 16
      vertex 0.572948 1.23664 16
      vertex 0.878679 0.878679 16
    endloop
  endfacet
  facet normal 0 0 1
    outer loop
      vertex 2 28 16
      vertex 0.0369349 27.4693 16
      vertex 0 27 16
    endloop
  endfacet
  facet normal 0 0 1
    outer loop
      vertex 2 2 16
      vertex 0.32698 1.63803 16
      vertex 0.572948 1.23664 16
    endloop
  endfacet
  facet normal 0 0 1
    outer loop
      vertex 2 2 16
      vertex 0.14683 2.07295 16
      vertex 0.32698 1.63803 16
    endloop
  endfacet
  facet normal 0 0 1
    outer loop
      vertex 2 2 16
      vertex 0.0369349 2.5307 16
      vertex 0.14683 2.07295 16
    endloop
  endfacet
  facet normal 0 -1 0
    outer loop
      vertex 18 0 12.5
      vertex 32 0 15
      vertex 18 0 15
    endloop
  endfacet
  facet normal 0 -1 -0
    outer loop
      vertex 32 0 15
      vertex 18 0 12.5
      vertex 32 0 12.5
    endloop
  endfacet
  facet normal 0 -1 0
    outer loop
      vertex 18 0 15
      vertex 3 0 16
      vertex 12 0 15
    endloop
  endfacet
  facet normal 0 -1 0
    outer loop
      vertex 3 0 16
      vertex 12 0 12.5
      vertex 12 0 15
    endloop
  endfacet
  facet normal 0 -1 0
    outer loop
      vertex 3 0 0
      vertex 18 0 12.5
      vertex 12 0 12.5
    endloop
  endfacet
  facet normal 0 -1 -0
    outer loop
      vertex 18 0 12.5
      vertex 3 0 0
      vertex 32 0 12.5
    endloop
  endfacet
  facet normal 0 -1 0
    outer loop
      vertex 47 0 0
      vertex 32 0 12.5
      vertex 3 0 0
    endloop
  endfacet
  facet normal 0 -1 0
    outer loop
      vertex 3 0 0
      vertex 12 0 12.5
      vertex 3 0 16
    endloop
  endfacet
  facet normal 0 -1 0
    outer loop
      vertex 3 0 16
      vertex 18 0 15
      vertex 47 0 16
    endloop
  endfacet
  facet normal 0 -1 0
    outer loop
      vertex 32 0 15
      vertex 47 0 16
      vertex 18 0 15
    endloop
  endfacet
  facet normal 0 -1 0
    outer loop
      vertex 38 0 15
      vertex 47 0 16
      vertex 32 0 15
    endloop
  endfacet
  facet normal 0 -1 0
    outer loop
      vertex 38 0 12.5
      vertex 47 0 16
      vertex 38 0 15
    endloop
  endfacet
  facet normal 0 -1 0
    outer loop
      vertex 38 0 12.5
      vertex 47 0 0
      vertex 47 0 16
    endloop
  endfacet
  facet normal 0 -1 0
    outer loop
      vertex 32 0 12.5
      vertex 47 0 0
      vertex 38 0 12.5
    endloop
  endfacet
  facet normal 0.0784595 -0.996917 0
    outer loop
      vertex 47 0 0
      vertex 47.4693 0.0369349 16
      vertex 47 0 16
    endloop
  endfacet
  facet normal 0.0784595 -0.996917 0
    outer loop
      vertex 47.4693 0.0369349 16
      vertex 47 0 0
      vertex 47.4693 0.0369349 0
    endloop
  endfacet
  facet normal 0 1 -0
    outer loop
      vertex 47 30 0
      vertex 3 30 16
      vertex 47 30 16
    endloop
  endfacet
  facet normal 0 1 0
    outer loop
      vertex 3 30 16
      vertex 47 30 0
      vertex 3 30 0
    endloop
  endfacet
  facet normal -1 0 0
    outer loop
      vertex 0 3 0
      vertex 0 27 16
      vertex 0 27 0
    endloop
  endfacet
  facet normal -1 -0 0
    outer loop
      vertex 0 27 16
      vertex 0 3 0
      vertex 0 3 16
    endloop
  endfacet
  facet normal 0 0 -1
    outer loop
      vertex 47 0 0
      vertex 50 3 0
      vertex 49.9631 2.5307 0
    endloop
  endfacet
  facet normal 0 0 -1
    outer loop
      vertex 50 3 0
      vertex 42.2 9 0
      vertex 50 27 0
    endloop
  endfacet
  facet normal 0 0 -1
    outer loop
      vertex 47 0 0
      vertex 49.9631 2.5307 0
      vertex 49.8532 2.07295 0
    endloop
  endfacet
  facet normal 0 0 -1
    outer loop
      vertex 42.2 21 0
      vertex 50 27 0
      vertex 42.2 9 0
    endloop
  endfacet
  facet normal 0 0 -1
    outer loop
      vertex 47 0 0
      vertex 49.8532 2.07295 0
      vertex 49.673 1.63803 0
    endloop
  endfacet
  facet normal 0 -0 -1
    outer loop
      vertex 47 30 0
      vertex 50 27 0
      vertex 42.2 21 0
    endloop
  endfacet
  facet normal 0 0 -1
    outer loop
      vertex 47 0 0
      vertex 49.673 1.63803 0
      vertex 49.4271 1.23664 0
    endloop
  endfacet
  facet normal 0 0 -1
    outer loop
      vertex 50 27 0
      vertex 47 30 0
      vertex 49.9631 27.4693 0
    endloop
  endfacet
  facet normal 0 0 -1
    outer loop
      vertex 47 0 0
      vertex 49.4271 1.23664 0
      vertex 49.1213 0.878679 0
    endloop
  endfacet
  facet normal 0 0 -1
    outer loop
      vertex 49.9631 27.4693 0
      vertex 47 30 0
      vertex 49.8532 27.9271 0
    endloop
  endfacet
  facet normal 0 0 -1
    outer loop
      vertex 47 0 0
      vertex 49.1213 0.878679 0
      vertex 48.7634 0.572948 0
    endloop
  endfacet
  facet normal 0 0 -1
    outer loop
      vertex 49.8532 27.9271 0
      vertex 47 30 0
      vertex 49.673 28.362 0
    endloop
  endfacet
  facet normal 0 0 -1
    outer loop
      vertex 47 0 0
      vertex 48.7634 0.572948 0
      vertex 48.362 0.32698 0
    endloop
  endfacet
  facet normal 0 0 -1
    outer loop
      vertex 49.673 28.362 0
      vertex 47 30 0
      vertex 49.4271 28.7634 0
    endloop
  endfacet
  facet normal 0 0 -1
    outer loop
      vertex 47 0 0
      vertex 48.362 0.32698 0
      vertex 47.9271 0.14683 0
    endloop
  endfacet
  facet normal 0 0 -1
    outer loop
      vertex 49.4271 28.7634 0
      vertex 47 30 0
      vertex 49.1213 29.1213 0
    endloop
  endfacet
  facet normal 0 0 -1
    outer loop
      vertex 47 0 0
      vertex 47.9271 0.14683 0
      vertex 47.4693 0.0369349 0
    endloop
  endfacet
  facet normal 0 0 -1
    outer loop
      vertex 49.1213 29.1213 0
      vertex 47 30 0
      vertex 48.7634 29.4271 0
    endloop
  endfacet
  facet normal -0 0 -1
    outer loop
      vertex 50 3 0
      vertex 47 0 0
      vertex 42.2 9 0
    endloop
  endfacet
  facet normal 0 0 -1
    outer loop
      vertex 48.7634 29.4271 0
      vertex 47 30 0
      vertex 48.362 29.673 0
    endloop
  endfacet
  facet normal 0 0 -1
    outer loop
      vertex 48.362 29.673 0
      vertex 47 30 0
      vertex 47.9271 29.8532 0
    endloop
  endfacet
  facet normal 0 0 -1
    outer loop
      vertex 47 0 0
      vertex 41 9 0
      vertex 42.2 9 0
    endloop
  endfacet
  facet normal 0 0 -1
    outer loop
      vertex 41 9 0
      vertex 39.2 9 0
      vertex 41 21 0
    endloop
  endfacet
  facet normal 0 0 -1
    outer loop
      vertex 47 0 0
      vertex 39.2 9 0
      vertex 41 9 0
    endloop
  endfacet
  facet normal 0 0 -1
    outer loop
      vertex 47 0 0
      vertex 38 9 0
      vertex 39.2 9 0
    endloop
  endfacet
  facet normal 0 0 -1
    outer loop
      vertex 38 9 0
      vertex 36.2 9 0
      vertex 38 21 0
    endloop
  endfacet
  facet normal 0 0 -1
    outer loop
      vertex 47 0 0
      vertex 36.2 9 0
      vertex 38 9 0
    endloop
  endfacet
  facet normal 0 0 -1
    outer loop
      vertex 47 0 0
      vertex 35 9 0
      vertex 36.2 9 0
    endloop
  endfacet
  facet normal 0 0 -1
    outer loop
      vertex 35 9 0
      vertex 33.2 9 0
      vertex 35 21 0
    endloop
  endfacet
  facet normal 0 0 -1
    outer loop
      vertex 47 0 0
      vertex 33.2 9 0
      vertex 35 9 0
    endloop
  endfacet
  facet normal 0 0 -1
    outer loop
      vertex 47 0 0
      vertex 32 9 0
      vertex 33.2 9 0
    endloop
  endfacet
  facet normal 0 0 -1
    outer loop
      vertex 32 9 0
      vertex 30.2 9 0
      vertex 32 21 0
    endloop
  endfacet
  facet normal 0 0 -1
    outer loop
      vertex 47 0 0
      vertex 30.2 9 0
      vertex 32 9 0
    endloop
  endfacet
  facet normal 0 0 -1
    outer loop
      vertex 47 0 0
      vertex 29 9 0
      vertex 30.2 9 0
    endloop
  endfacet
  facet normal 0 0 -1
    outer loop
      vertex 29 9 0
      vertex 27.2 9 0
      vertex 29 21 0
    endloop
  endfacet
  facet normal 0 0 -1
    outer loop
      vertex 47 0 0
      vertex 27.2 9 0
      vertex 29 9 0
    endloop
  endfacet
  facet normal 0 0 -1
    outer loop
      vertex 47 0 0
      vertex 26 9 0
      vertex 27.2 9 0
    endloop
  endfacet
  facet normal 0 0 -1
    outer loop
      vertex 0 3 0
      vertex 26 9 0
      vertex 3 0 0
    endloop
  endfacet
  facet normal 0 0 -1
    outer loop
      vertex 3 0 0
      vertex 26 9 0
      vertex 47 0 0
    endloop
  endfacet
  facet normal 0 0 -1
    outer loop
      vertex 47.9271 29.8532 0
      vertex 47 30 0
      vertex 47.4693 29.9631 0
    endloop
  endfacet
  facet normal 0 0 -1
    outer loop
      vertex 41 21 0
      vertex 47 30 0
      vertex 42.2 21 0
    endloop
  endfacet
  facet normal 0 0 -1
    outer loop
      vertex 39.2 21 0
      vertex 41 21 0
      vertex 39.2 9 0
    endloop
  endfacet
  facet normal 0 0 -1
    outer loop
      vertex 39.2 21 0
      vertex 47 30 0
      vertex 41 21 0
    endloop
  endfacet
  facet normal 0 0 -1
    outer loop
      vertex 38 21 0
      vertex 47 30 0
      vertex 39.2 21 0
    endloop
  endfacet
  facet normal 0 0 -1
    outer loop
      vertex 36.2 21 0
      vertex 38 21 0
      vertex 36.2 9 0
    endloop
  endfacet
  facet normal 0 0 -1
    outer loop
      vertex 36.2 21 0
      vertex 47 30 0
      vertex 38 21 0
    endloop
  endfacet
  facet normal 0 0 -1
    outer loop
      vertex 35 21 0
      vertex 47 30 0
      vertex 36.2 21 0
    endloop
  endfacet
  facet normal 0 0 -1
    outer loop
      vertex 33.2 21 0
      vertex 35 21 0
      vertex 33.2 9 0
    endloop
  endfacet
  facet normal 0 0 -1
    outer loop
      vertex 33.2 21 0
      vertex 47 30 0
      vertex 35 21 0
    endloop
  endfacet
  facet normal 0 0 -1
    outer loop
      vertex 32 21 0
      vertex 47 30 0
      vertex 33.2 21 0
    endloop
  endfacet
  facet normal 0 0 -1
    outer loop
      vertex 30.2 21 0
      vertex 32 21 0
      vertex 30.2 9 0
    endloop
  endfacet
  facet normal 0 0 -1
    outer loop
      vertex 30.2 21 0
      vertex 47 30 0
      vertex 32 21 0
    endloop
  endfacet
  facet normal 0 0 -1
    outer loop
      vertex 29 21 0
      vertex 47 30 0
      vertex 30.2 21 0
    endloop
  endfacet
  facet normal 0 0 -1
    outer loop
      vertex 27.2 21 0
      vertex 29 21 0
      vertex 27.2 9 0
    endloop
  endfacet
  facet normal 0 0 -1
    outer loop
      vertex 27.2 21 0
      vertex 47 30 0
      vertex 29 21 0
    endloop
  endfacet
  facet normal 0 0 -1
    outer loop
      vertex 26 21 0
      vertex 47 30 0
      vertex 27.2 21 0
    endloop
  endfacet
  facet normal 0 0 -1
    outer loop
      vertex 26 21 0
      vertex 3 30 0
      vertex 47 30 0
    endloop
  endfacet
  facet normal -0 0 -1
    outer loop
      vertex 26 9 0
      vertex 0 3 0
      vertex 26 21 0
    endloop
  endfacet
  facet normal 0 0 -1
    outer loop
      vertex 0 3 0
      vertex 3 0 0
      vertex 2.5307 0.0369349 0
    endloop
  endfacet
  facet normal 0 0 -1
    outer loop
      vertex 0 27 0
      vertex 26 21 0
      vertex 0 3 0
    endloop
  endfacet
  facet normal 0 0 -1
    outer loop
      vertex 0 3 0
      vertex 2.5307 0.0369349 0
      vertex 2.07295 0.14683 0
    endloop
  endfacet
  facet normal 0 0 -1
    outer loop
      vertex 26 21 0
      vertex 0 27 0
      vertex 3 30 0
    endloop
  endfacet
  facet normal 0 0 -1
    outer loop
      vertex 0 3 0
      vertex 2.07295 0.14683 0
      vertex 1.63803 0.32698 0
    endloop
  endfacet
  facet normal 0 0 -1
    outer loop
      vertex 3 30 0
      vertex 0 27 0
      vertex 2.5307 29.9631 0
    endloop
  endfacet
  facet normal 0 0 -1
    outer loop
      vertex 0 3 0
      vertex 1.63803 0.32698 0
      vertex 1.23664 0.572948 0
    endloop
  endfacet
  facet normal 0 0 -1
    outer loop
      vertex 2.5307 29.9631 0
      vertex 0 27 0
      vertex 2.07295 29.8532 0
    endloop
  endfacet
  facet normal 0 0 -1
    outer loop
      vertex 0 3 0
      vertex 1.23664 0.572948 0
      vertex 0.878679 0.878679 0
    endloop
  endfacet
  facet normal 0 0 -1
    outer loop
      vertex 2.07295 29.8532 0
      vertex 0 27 0
      vertex 1.63803 29.673 0
    endloop
  endfacet
  facet normal 0 0 -1
    outer loop
      vertex 0 3 0
      vertex 0.878679 0.878679 0
      vertex 0.572948 1.23664 0
    endloop
  endfacet
  facet normal 0 0 -1
    outer loop
      vertex 1.63803 29.673 0
      vertex 0 27 0
      vertex 1.23664 29.4271 0
    endloop
  endfacet
  facet normal 0 0 -1
    outer loop
      vertex 0 3 0
      vertex 0.572948 1.23664 0
      vertex 0.32698 1.63803 0
    endloop
  endfacet
  facet normal 0 0 -1
    outer loop
      vertex 1.23664 29.4271 0
      vertex 0 27 0
      vertex 0.878679 29.1213 0
    endloop
  endfacet
  facet normal 0 0 -1
    outer loop
      vertex 0 3 0
      vertex 0.32698 1.63803 0
      vertex 0.14683 2.07295 0
    endloop
  endfacet
  facet normal 0 0 -1
    outer loop
      vertex 0.878679 29.1213 0
      vertex 0 27 0
      vertex 0.572948 28.7634 0
    endloop
  endfacet
  facet normal 0 0 -1
    outer loop
      vertex 0 3 0
      vertex 0.14683 2.07295 0
      vertex 0.0369349 2.5307 0
    endloop
  endfacet
  facet normal 0 0 -1
    outer loop
      vertex 0.572948 28.7634 0
      vertex 0 27 0
      vertex 0.32698 28.362 0
    endloop
  endfacet
  facet normal 0 0 -1
    outer loop
      vertex 0.32698 28.362 0
      vertex 0 27 0
      vertex 0.14683 27.9271 0
    endloop
  endfacet
  facet normal 0 0 -1
    outer loop
      vertex 0.14683 27.9271 0
      vertex 0 27 0
      vertex 0.0369349 27.4693 0
    endloop
  endfacet
  facet normal 1 0 0
    outer loop
      vertex 50 27 16
      vertex 50 19.75 9
      vertex 50 27 0
    endloop
  endfacet
  facet normal 1 0 0
    outer loop
      vertex 50 27 16
      vertex 50 10.25 9
      vertex 50 19.75 9
    endloop
  endfacet
  facet normal 1 0 0
    outer loop
      vertex 50 3 0
      vertex 50 10.25 9
      vertex 50 3 16
    endloop
  endfacet
  facet normal 1 -0 0
    outer loop
      vertex 50 3 16
      vertex 50 10.25 9
      vertex 50 27 16
    endloop
  endfacet
  facet normal 1 -0 0
    outer loop
      vertex 50 19.75 5
      vertex 50 27 0
      vertex 50 19.75 9
    endloop
  endfacet
  facet normal 1 -0 0
    outer loop
      vertex 50 10.25 5
      vertex 50 27 0
      vertex 50 19.75 5
    endloop
  endfacet
  facet normal 1 0 0
    outer loop
      vertex 50 10.25 5
      vertex 50 3 0
      vertex 50 27 0
    endloop
  endfacet
  facet normal 1 0 0
    outer loop
      vertex 50 10.25 9
      vertex 50 3 0
      vertex 50 10.25 5
    endloop
  endfacet
  facet normal 0.522483 -0.85265 0
    outer loop
      vertex 48.362 0.32698 0
      vertex 48.7634 0.572948 16
      vertex 48.362 0.32698 16
    endloop
  endfacet
  facet normal 0.522483 -0.85265 0
    outer loop
      vertex 48.7634 0.572948 16
      vertex 48.362 0.32698 0
      vertex 48.7634 0.572948 0
    endloop
  endfacet
  facet normal 0.996923 -0.0783858 0
    outer loop
      vertex 49.9631 2.5307 16
      vertex 50 3 0
      vertex 50 3 16
    endloop
  endfacet
  facet normal 0.996923 -0.0783858 0
    outer loop
      vertex 50 3 0
      vertex 49.9631 2.5307 16
      vertex 49.9631 2.5307 0
    endloop
  endfacet
  facet normal -0.522492 -0.852644 0
    outer loop
      vertex 1.23664 0.572948 0
      vertex 1.63803 0.32698 16
      vertex 1.23664 0.572948 16
    endloop
  endfacet
  facet normal -0.522492 -0.852644 -0
    outer loop
      vertex 1.63803 0.32698 16
      vertex 1.23664 0.572948 0
      vertex 1.63803 0.32698 0
    endloop
  endfacet
  facet normal -0.382775 0.923842 0
    outer loop
      vertex 2.07295 29.8532 0
      vertex 1.63803 29.673 16
      vertex 2.07295 29.8532 16
    endloop
  endfacet
  facet normal -0.382775 0.923842 0
    outer loop
      vertex 1.63803 29.673 16
      vertex 2.07295 29.8532 0
      vertex 1.63803 29.673 0
    endloop
  endfacet
  facet normal 0.852714 0.522378 0
    outer loop
      vertex 49.673 28.362 16
      vertex 49.4271 28.7634 0
      vertex 49.4271 28.7634 16
    endloop
  endfacet
  facet normal 0.852714 0.522378 0
    outer loop
      vertex 49.4271 28.7634 0
      vertex 49.673 28.362 16
      vertex 49.673 28.362 0
    endloop
  endfacet
  facet normal -0.923873 0.382699 0
    outer loop
      vertex 0.14683 27.9271 0
      vertex 0.32698 28.362 16
      vertex 0.32698 28.362 0
    endloop
  endfacet
  facet normal -0.923873 0.382699 0
    outer loop
      vertex 0.32698 28.362 16
      vertex 0.14683 27.9271 0
      vertex 0.14683 27.9271 16
    endloop
  endfacet
  facet normal -0.760348 0.649516 0
    outer loop
      vertex 0.572948 28.7634 0
      vertex 0.878679 29.1213 16
      vertex 0.878679 29.1213 0
    endloop
  endfacet
  facet normal -0.760348 0.649516 0
    outer loop
      vertex 0.878679 29.1213 16
      vertex 0.572948 28.7634 0
      vertex 0.572948 28.7634 16
    endloop
  endfacet
  facet normal 0.76033 -0.649537 0
    outer loop
      vertex 49.1213 0.878679 16
      vertex 49.4271 1.23664 0
      vertex 49.4271 1.23664 16
    endloop
  endfacet
  facet normal 0.76033 -0.649537 0
    outer loop
      vertex 49.4271 1.23664 0
      vertex 49.1213 0.878679 16
      vertex 49.1213 0.878679 0
    endloop
  endfacet
  facet normal 0.852708 -0.522387 0
    outer loop
      vertex 49.4271 1.23664 16
      vertex 49.673 1.63803 0
      vertex 49.673 1.63803 16
    endloop
  endfacet
  facet normal 0.852708 -0.522387 0
    outer loop
      vertex 49.673 1.63803 0
      vertex 49.4271 1.23664 16
      vertex 49.4271 1.23664 0
    endloop
  endfacet
  facet normal 0.923842 -0.382775 0
    outer loop
      vertex 49.673 1.63803 16
      vertex 49.8532 2.07295 0
      vertex 49.8532 2.07295 16
    endloop
  endfacet
  facet normal 0.923842 -0.382775 0
    outer loop
      vertex 49.8532 2.07295 0
      vertex 49.673 1.63803 16
      vertex 49.673 1.63803 0
    endloop
  endfacet
  facet normal 0.972368 -0.233453 0
    outer loop
      vertex 49.8532 2.07295 16
      vertex 49.9631 2.5307 0
      vertex 49.9631 2.5307 16
    endloop
  endfacet
  facet normal 0.972368 -0.233453 0
    outer loop
      vertex 49.9631 2.5307 0
      vertex 49.8532 2.07295 16
      vertex 49.8532 2.07295 0
    endloop
  endfacet
  facet normal 0.382699 -0.923873 0
    outer loop
      vertex 47.9271 0.14683 0
      vertex 48.362 0.32698 16
      vertex 47.9271 0.14683 16
    endloop
  endfacet
  facet normal 0.382699 -0.923873 0
    outer loop
      vertex 48.362 0.32698 16
      vertex 47.9271 0.14683 0
      vertex 48.362 0.32698 0
    endloop
  endfacet
  facet normal -0.233443 -0.97237 0
    outer loop
      vertex 2.07295 0.14683 0
      vertex 2.5307 0.0369349 16
      vertex 2.07295 0.14683 16
    endloop
  endfacet
  facet normal -0.233443 -0.97237 -0
    outer loop
      vertex 2.5307 0.0369349 16
      vertex 2.07295 0.14683 0
      vertex 2.5307 0.0369349 0
    endloop
  endfacet
  facet normal -0.852644 -0.522492 0
    outer loop
      vertex 0.572948 1.23664 0
      vertex 0.32698 1.63803 16
      vertex 0.32698 1.63803 0
    endloop
  endfacet
  facet normal -0.852644 -0.522492 0
    outer loop
      vertex 0.32698 1.63803 16
      vertex 0.572948 1.23664 0
      vertex 0.572948 1.23664 16
    endloop
  endfacet
  facet normal -0.97237 -0.233443 0
    outer loop
      vertex 0.14683 2.07295 0
      vertex 0.0369349 2.5307 16
      vertex 0.0369349 2.5307 0
    endloop
  endfacet
  facet normal -0.97237 -0.233443 0
    outer loop
      vertex 0.0369349 2.5307 16
      vertex 0.14683 2.07295 0
      vertex 0.14683 2.07295 16
    endloop
  endfacet
  facet normal 0.522378 0.852714 -0
    outer loop
      vertex 48.7634 29.4271 0
      vertex 48.362 29.673 16
      vertex 48.7634 29.4271 16
    endloop
  endfacet
  facet normal 0.522378 0.852714 0
    outer loop
      vertex 48.362 29.673 16
      vertex 48.7634 29.4271 0
      vertex 48.362 29.673 0
    endloop
  endfacet
  facet normal 0.0783858 0.996923 -0
    outer loop
      vertex 47.4693 29.9631 0
      vertex 47 30 16
      vertex 47.4693 29.9631 16
    endloop
  endfacet
  facet normal 0.0783858 0.996923 0
    outer loop
      vertex 47 30 16
      vertex 47.4693 29.9631 0
      vertex 47 30 0
    endloop
  endfacet
  facet normal -0.0783858 0.996923 0
    outer loop
      vertex 3 30 0
      vertex 2.5307 29.9631 16
      vertex 3 30 16
    endloop
  endfacet
  facet normal -0.0783858 0.996923 0
    outer loop
      vertex 2.5307 29.9631 16
      vertex 3 30 0
      vertex 2.5307 29.9631 0
    endloop
  endfacet
  facet normal -0.996917 0.0784595 0
    outer loop
      vertex 0 27 0
      vertex 0.0369349 27.4693 16
      vertex 0.0369349 27.4693 0
    endloop
  endfacet
  facet normal -0.996917 0.0784595 0
    outer loop
      vertex 0.0369349 27.4693 16
      vertex 0 27 0
      vertex 0 27 16
    endloop
  endfacet
  facet normal -0.972376 0.233419 0
    outer loop
      vertex 0.0369349 27.4693 0
      vertex 0.14683 27.9271 16
      vertex 0.14683 27.9271 0
    endloop
  endfacet
  facet normal -0.972376 0.233419 0
    outer loop
      vertex 0.14683 27.9271 16
      vertex 0.0369349 27.4693 0
      vertex 0.0369349 27.4693 16
    endloop
  endfacet
  facet normal -0.85265 0.522483 0
    outer loop
      vertex 0.32698 28.362 0
      vertex 0.572948 28.7634 16
      vertex 0.572948 28.7634 0
    endloop
  endfacet
  facet normal -0.85265 0.522483 0
    outer loop
      vertex 0.572948 28.7634 16
      vertex 0.32698 28.362 0
      vertex 0.32698 28.362 16
    endloop
  endfacet
  facet normal -0.649537 0.76033 0
    outer loop
      vertex 1.23664 29.4271 0
      vertex 0.878679 29.1213 16
      vertex 1.23664 29.4271 16
    endloop
  endfacet
  facet normal -0.649537 0.76033 0
    outer loop
      vertex 0.878679 29.1213 16
      vertex 1.23664 29.4271 0
      vertex 0.878679 29.1213 0
    endloop
  endfacet
  facet normal -0.522387 0.852708 0
    outer loop
      vertex 1.63803 29.673 0
      vertex 1.23664 29.4271 16
      vertex 1.63803 29.673 16
    endloop
  endfacet
  facet normal -0.522387 0.852708 0
    outer loop
      vertex 1.23664 29.4271 16
      vertex 1.63803 29.673 0
      vertex 1.23664 29.4271 0
    endloop
  endfacet
  facet normal 0.649516 -0.760348 0
    outer loop
      vertex 48.7634 0.572948 0
      vertex 49.1213 0.878679 16
      vertex 48.7634 0.572948 16
    endloop
  endfacet
  facet normal 0.649516 -0.760348 0
    outer loop
      vertex 49.1213 0.878679 16
      vertex 48.7634 0.572948 0
      vertex 49.1213 0.878679 0
    endloop
  endfacet
  facet normal -0.382684 -0.923879 0
    outer loop
      vertex 1.63803 0.32698 0
      vertex 2.07295 0.14683 16
      vertex 1.63803 0.32698 16
    endloop
  endfacet
  facet normal -0.382684 -0.923879 -0
    outer loop
      vertex 2.07295 0.14683 16
      vertex 1.63803 0.32698 0
      vertex 2.07295 0.14683 0
    endloop
  endfacet
  facet normal -0.0784595 -0.996917 0
    outer loop
      vertex 2.5307 0.0369349 0
      vertex 3 0 16
      vertex 2.5307 0.0369349 16
    endloop
  endfacet
  facet normal -0.0784595 -0.996917 -0
    outer loop
      vertex 3 0 16
      vertex 2.5307 0.0369349 0
      vertex 3 0 0
    endloop
  endfacet
  facet normal -0.923879 -0.382684 0
    outer loop
      vertex 0.32698 1.63803 0
      vertex 0.14683 2.07295 16
      vertex 0.14683 2.07295 0
    endloop
  endfacet
  facet normal -0.923879 -0.382684 0
    outer loop
      vertex 0.14683 2.07295 16
      vertex 0.32698 1.63803 0
      vertex 0.32698 1.63803 16
    endloop
  endfacet
  facet normal 0.38279 0.923836 -0
    outer loop
      vertex 48.362 29.673 0
      vertex 47.9271 29.8532 16
      vertex 48.362 29.673 16
    endloop
  endfacet
  facet normal 0.38279 0.923836 0
    outer loop
      vertex 47.9271 29.8532 16
      vertex 48.362 29.673 0
      vertex 47.9271 29.8532 0
    endloop
  endfacet
  facet normal 0.233429 0.972374 -0
    outer loop
      vertex 47.9271 29.8532 0
      vertex 47.4693 29.9631 16
      vertex 47.9271 29.8532 16
    endloop
  endfacet
  facet normal 0.233429 0.972374 0
    outer loop
      vertex 47.4693 29.9631 16
      vertex 47.9271 29.8532 0
      vertex 47.4693 29.9631 0
    endloop
  endfacet
  facet normal -0.233453 0.972368 0
    outer loop
      vertex 2.5307 29.9631 0
      vertex 2.07295 29.8532 16
      vertex 2.5307 29.9631 16
    endloop
  endfacet
  facet normal -0.233453 0.972368 0
    outer loop
      vertex 2.07295 29.8532 16
      vertex 2.5307 29.9631 0
      vertex 2.07295 29.8532 0
    endloop
  endfacet
  facet normal 0.649601 0.760275 -0
    outer loop
      vertex 49.1213 29.1213 0
      vertex 48.7634 29.4271 16
      vertex 49.1213 29.1213 16
    endloop
  endfacet
  facet normal 0.649601 0.760275 0
    outer loop
      vertex 48.7634 29.4271 16
      vertex 49.1213 29.1213 0
      vertex 48.7634 29.4271 0
    endloop
  endfacet
  facet normal 0.760275 0.649601 0
    outer loop
      vertex 49.4271 28.7634 16
      vertex 49.1213 29.1213 0
      vertex 49.1213 29.1213 16
    endloop
  endfacet
  facet normal 0.760275 0.649601 0
    outer loop
      vertex 49.1213 29.1213 0
      vertex 49.4271 28.7634 16
      vertex 49.4271 28.7634 0
    endloop
  endfacet
  facet normal -0.649452 -0.760402 0
    outer loop
      vertex 0.878679 0.878679 0
      vertex 1.23664 0.572948 16
      vertex 0.878679 0.878679 16
    endloop
  endfacet
  facet normal -0.649452 -0.760402 -0
    outer loop
      vertex 1.23664 0.572948 16
      vertex 0.878679 0.878679 0
      vertex 1.23664 0.572948 0
    endloop
  endfacet
  facet normal -0.760402 -0.649452 0
    outer loop
      vertex 0.878679 0.878679 0
      vertex 0.572948 1.23664 16
      vertex 0.572948 1.23664 0
    endloop
  endfacet
  facet normal -0.760402 -0.649452 0
    outer loop
      vertex 0.572948 1.23664 16
      vertex 0.878679 0.878679 0
      vertex 0.878679 0.878679 16
    endloop
  endfacet
  facet normal 0.923836 0.38279 0
    outer loop
      vertex 49.8532 27.9271 16
      vertex 49.673 28.362 0
      vertex 49.673 28.362 16
    endloop
  endfacet
  facet normal 0.923836 0.38279 0
    outer loop
      vertex 49.673 28.362 0
      vertex 49.8532 27.9271 16
      vertex 49.8532 27.9271 0
    endloop
  endfacet
  facet normal 0.972374 0.233429 0
    outer loop
      vertex 49.9631 27.4693 16
      vertex 49.8532 27.9271 0
      vertex 49.8532 27.9271 16
    endloop
  endfacet
  facet normal 0.972374 0.233429 0
    outer loop
      vertex 49.8532 27.9271 0
      vertex 49.9631 27.4693 16
      vertex 49.9631 27.4693 0
    endloop
  endfacet
  facet normal 0.996923 0.0783858 0
    outer loop
      vertex 50 27 16
      vertex 49.9631 27.4693 0
      vertex 49.9631 27.4693 16
    endloop
  endfacet
  facet normal 0.996923 0.0783858 0
    outer loop
      vertex 49.9631 27.4693 0
      vertex 50 27 16
      vertex 50 27 0
    endloop
  endfacet
  facet normal 1 -0 0
    outer loop
      vertex 2 2 16
      vertex 2 28 2
      vertex 2 28 16
    endloop
  endfacet
  facet normal 1 0 0
    outer loop
      vertex 2 28 2
      vertex 2 2 16
      vertex 2 2 2
    endloop
  endfacet
  facet normal -1 0 0
    outer loop
      vertex 48 2 2
      vertex 48 28 16
      vertex 48 28 2
    endloop
  endfacet
  facet normal -1 -0 0
    outer loop
      vertex 48 28 16
      vertex 48 2 2
      vertex 48 2 16
    endloop
  endfacet
  facet normal -0 0 1
    outer loop
      vertex 5.42658 10.4635 2
      vertex 12 3 2
      vertex 5.42658 19.5365 2
    endloop
  endfacet
  facet normal 0 0 1
    outer loop
      vertex 12 3 2
      vertex 5.42658 10.4635 2
      vertex 5.5 10 2
    endloop
  endfacet
  facet normal -0 0 1
    outer loop
      vertex 5.21352 19.1183 2
      vertex 5.42658 10.4635 2
      vertex 5.42658 19.5365 2
    endloop
  endfacet
  facet normal 0 0 1
    outer loop
      vertex 5.21352 19.1183 2
      vertex 5.21352 10.8817 2
      vertex 5.42658 10.4635 2
    endloop
  endfacet
  facet normal -0 0 1
    outer loop
      vertex 4.88168 18.7865 2
      vertex 5.21352 10.8817 2
      vertex 5.21352 19.1183 2
    endloop
  endfacet
  facet normal 0 0 1
    outer loop
      vertex 4.88168 18.7865 2
      vertex 4.88168 11.2135 2
      vertex 5.21352 10.8817 2
    endloop
  endfacet
  facet normal -0 0 1
    outer loop
      vertex 4.46352 18.5734 2
      vertex 4.88168 11.2135 2
      vertex 4.88168 18.7865 2
    endloop
  endfacet
  facet normal 0 0 1
    outer loop
      vertex 4.46352 18.5734 2
      vertex 4.46352 11.4266 2
      vertex 4.88168 11.2135 2
    endloop
  endfacet
  facet normal -0 0 1
    outer loop
      vertex 4 18.5 2
      vertex 4.46352 11.4266 2
      vertex 4.46352 18.5734 2
    endloop
  endfacet
  facet normal 0 0 1
    outer loop
      vertex 4 18.5 2
      vertex 4 11.5 2
      vertex 4.46352 11.4266 2
    endloop
  endfacet
  facet normal 0 0 1
    outer loop
      vertex 3.53648 18.5734 2
      vertex 4 11.5 2
      vertex 4 18.5 2
    endloop
  endfacet
  facet normal 0 0 1
    outer loop
      vertex 3.53648 18.5734 2
      vertex 3.53648 11.4266 2
      vertex 4 11.5 2
    endloop
  endfacet
  facet normal 0 0 1
    outer loop
      vertex 3.11832 18.7865 2
      vertex 3.53648 11.4266 2
      vertex 3.53648 18.5734 2
    endloop
  endfacet
  facet normal 0 0 1
    outer loop
      vertex 3.11832 18.7865 2
      vertex 3.11832 11.2135 2
      vertex 3.53648 11.4266 2
    endloop
  endfacet
  facet normal 0 0 1
    outer loop
      vertex 2.78648 19.1183 2
      vertex 3.11832 11.2135 2
      vertex 3.11832 18.7865 2
    endloop
  endfacet
  facet normal 0 0 1
    outer loop
      vertex 2.78648 19.1183 2
      vertex 2.78648 10.8817 2
      vertex 3.11832 11.2135 2
    endloop
  endfacet
  facet normal 0 0 1
    outer loop
      vertex 2.57342 19.5365 2
      vertex 2.78648 10.8817 2
      vertex 2.78648 19.1183 2
    endloop
  endfacet
  facet normal 0 0 1
    outer loop
      vertex 2.57342 19.5365 2
      vertex 2.57342 10.4635 2
      vertex 2.78648 10.8817 2
    endloop
  endfacet
  facet normal 0 0 1
    outer loop
      vertex 2.5 20 2
      vertex 2.57342 10.4635 2
      vertex 2.57342 19.5365 2
    endloop
  endfacet
  facet normal 0 0 1
    outer loop
      vertex 2.57342 10.4635 2
      vertex 2.5 20 2
      vertex 2.5 10 2
    endloop
  endfacet
  facet normal 0 0 1
    outer loop
      vertex 48 28 2
      vertex 47 27 2
      vertex 48 2 2
    endloop
  endfacet
  facet normal 0 0 1
    outer loop
      vertex 48 28 2
      vertex 12 27 2
      vertex 47 27 2
    endloop
  endfacet
  facet normal 0 0 1
    outer loop
      vertex 5.42658 19.5365 2
      vertex 12 27 2
      vertex 5.5 20 2
    endloop
  endfacet
  facet normal 0 0 1
    outer loop
      vertex 12 27 2
      vertex 5.42658 20.4635 2
      vertex 5.5 20 2
    endloop
  endfacet
  facet normal 0 0 1
    outer loop
      vertex 12 27 2
      vertex 5.21352 20.8817 2
      vertex 5.42658 20.4635 2
    endloop
  endfacet
  facet normal 0 0 1
    outer loop
      vertex 12 27 2
      vertex 4.88168 21.2135 2
      vertex 5.21352 20.8817 2
    endloop
  endfacet
  facet normal 0 0 1
    outer loop
      vertex 12 27 2
      vertex 4.46352 21.4266 2
      vertex 4.88168 21.2135 2
    endloop
  endfacet
  facet normal 0 0 1
    outer loop
      vertex 2 28 2
      vertex 4.46352 21.4266 2
      vertex 12 27 2
    endloop
  endfacet
  facet normal 0 0 1
    outer loop
      vertex 4.46352 21.4266 2
      vertex 2 28 2
      vertex 4 21.5 2
    endloop
  endfacet
  facet normal 0 0 1
    outer loop
      vertex 4 21.5 2
      vertex 2 28 2
      vertex 3.53648 21.4266 2
    endloop
  endfacet
  facet normal 0 0 1
    outer loop
      vertex 2.5 20 2
      vertex 2 28 2
      vertex 2.5 10 2
    endloop
  endfacet
  facet normal 0 0 1
    outer loop
      vertex 2.57342 20.4635 2
      vertex 2 28 2
      vertex 2.5 20 2
    endloop
  endfacet
  facet normal 0 0 1
    outer loop
      vertex 2.78648 20.8817 2
      vertex 2 28 2
      vertex 2.57342 20.4635 2
    endloop
  endfacet
  facet normal 0 0 1
    outer loop
      vertex 3.11832 21.2135 2
      vertex 2 28 2
      vertex 2.78648 20.8817 2
    endloop
  endfacet
  facet normal 0 0 1
    outer loop
      vertex 3.53648 21.4266 2
      vertex 2 28 2
      vertex 3.11832 21.2135 2
    endloop
  endfacet
  facet normal -0 0 1
    outer loop
      vertex 2 28 2
      vertex 12 27 2
      vertex 48 28 2
    endloop
  endfacet
  facet normal -0 0 1
    outer loop
      vertex 47 3 2
      vertex 48 2 2
      vertex 47 27 2
    endloop
  endfacet
  facet normal -0 0 1
    outer loop
      vertex 12 3 2
      vertex 48 2 2
      vertex 47 3 2
    endloop
  endfacet
  facet normal 0 0 1
    outer loop
      vertex 12 27 2
      vertex 5.42658 19.5365 2
      vertex 12 3 2
    endloop
  endfacet
  facet normal -0 0 1
    outer loop
      vertex 5.42658 9.53648 2
      vertex 12 3 2
      vertex 5.5 10 2
    endloop
  endfacet
  facet normal -0 0 1
    outer loop
      vertex 5.21352 9.11832 2
      vertex 12 3 2
      vertex 5.42658 9.53648 2
    endloop
  endfacet
  facet normal -0 0 1
    outer loop
      vertex 4.88168 8.78648 2
      vertex 12 3 2
      vertex 5.21352 9.11832 2
    endloop
  endfacet
  facet normal -0 0 1
    outer loop
      vertex 4.46352 8.57342 2
      vertex 12 3 2
      vertex 4.88168 8.78648 2
    endloop
  endfacet
  facet normal 0 0 1
    outer loop
      vertex 2 2 2
      vertex 4.46352 8.57342 2
      vertex 4 8.5 2
    endloop
  endfacet
  facet normal 0 0 1
    outer loop
      vertex 2 2 2
      vertex 4 8.5 2
      vertex 3.53648 8.57342 2
    endloop
  endfacet
  facet normal 0 0 1
    outer loop
      vertex 2 2 2
      vertex 3.53648 8.57342 2
      vertex 3.11832 8.78648 2
    endloop
  endfacet
  facet normal 0 0 1
    outer loop
      vertex 12 3 2
      vertex 2 2 2
      vertex 48 2 2
    endloop
  endfacet
  facet normal 0 0 1
    outer loop
      vertex 4.46352 8.57342 2
      vertex 2 2 2
      vertex 12 3 2
    endloop
  endfacet
  facet normal 0 0 1
    outer loop
      vertex 2.78648 9.11832 2
      vertex 2 2 2
      vertex 3.11832 8.78648 2
    endloop
  endfacet
  facet normal 0 0 1
    outer loop
      vertex 2.57342 9.53648 2
      vertex 2 2 2
      vertex 2.78648 9.11832 2
    endloop
  endfacet
  facet normal 0 0 1
    outer loop
      vertex 2.5 10 2
      vertex 2 2 2
      vertex 2.57342 9.53648 2
    endloop
  endfacet
  facet normal 0 0 1
    outer loop
      vertex 2 2 2
      vertex 2.5 10 2
      vertex 2 28 2
    endloop
  endfacet
  facet normal 0 0 -1
    outer loop
      vertex 26 9 2
      vertex 27.2 21 2
      vertex 27.2 9 2
    endloop
  endfacet
  facet normal -0 0 -1
    outer loop
      vertex 27.2 21 2
      vertex 26 9 2
      vertex 26 21 2
    endloop
  endfacet
  facet normal 0 0 -1
    outer loop
      vertex 29 9 2
      vertex 30.2 21 2
      vertex 30.2 9 2
    endloop
  endfacet
  facet normal -0 0 -1
    outer loop
      vertex 30.2 21 2
      vertex 29 9 2
      vertex 29 21 2
    endloop
  endfacet
  facet normal 0 0 -1
    outer loop
      vertex 32 9 2
      vertex 33.2 21 2
      vertex 33.2 9 2
    endloop
  endfacet
  facet normal -0 0 -1
    outer loop
      vertex 33.2 21 2
      vertex 32 9 2
      vertex 32 21 2
    endloop
  endfacet
  facet normal 0 0 -1
    outer loop
      vertex 35 9 2
      vertex 36.2 21 2
      vertex 36.2 9 2
    endloop
  endfacet
  facet normal -0 0 -1
    outer loop
      vertex 36.2 21 2
      vertex 35 9 2
      vertex 35 21 2
    endloop
  endfacet
  facet normal 0 0 -1
    outer loop
      vertex 38 9 2
      vertex 39.2 21 2
      vertex 39.2 9 2
    endloop
  endfacet
  facet normal -0 0 -1
    outer loop
      vertex 39.2 21 2
      vertex 38 9 2
      vertex 38 21 2
    endloop
  endfacet
  facet normal 0 0 -1
    outer loop
      vertex 41 9 2
      vertex 42.2 21 2
      vertex 42.2 9 2
    endloop
  endfacet
  facet normal -0 0 -1
    outer loop
      vertex 42.2 21 2
      vertex 41 9 2
      vertex 41 21 2
    endloop
  endfacet
  facet normal 0 0 1
    outer loop
      vertex 4.69282 10.4 2
      vertex 4.69282 9.6 2
      vertex 4.8 10 2
    endloop
  endfacet
  facet normal 0 0 1
    outer loop
      vertex 4.4 10.6928 2
      vertex 4.69282 9.6 2
      vertex 4.69282 10.4 2
    endloop
  endfacet
  facet normal 0 0 1
    outer loop
      vertex 4.4 10.6928 2
      vertex 4.4 9.30718 2
      vertex 4.69282 9.6 2
    endloop
  endfacet
  facet normal 0 0 1
    outer loop
      vertex 4 10.8 2
      vertex 4.4 9.30718 2
      vertex 4.4 10.6928 2
    endloop
  endfacet
  facet normal 0 0 1
    outer loop
      vertex 4 10.8 2
      vertex 4 9.2 2
      vertex 4.4 9.30718 2
    endloop
  endfacet
  facet normal -0 0 1
    outer loop
      vertex 3.6 10.6928 2
      vertex 4 9.2 2
      vertex 4 10.8 2
    endloop
  endfacet
  facet normal 0 0 1
    outer loop
      vertex 3.6 10.6928 2
      vertex 3.6 9.30718 2
      vertex 4 9.2 2
    endloop
  endfacet
  facet normal -0 0 1
    outer loop
      vertex 3.30718 10.4 2
      vertex 3.6 9.30718 2
      vertex 3.6 10.6928 2
    endloop
  endfacet
  facet normal 0 0 1
    outer loop
      vertex 3.30718 10.4 2
      vertex 3.30718 9.6 2
      vertex 3.6 9.30718 2
    endloop
  endfacet
  facet normal 0 -0 1
    outer loop
      vertex 3.30718 9.6 2
      vertex 3.30718 10.4 2
      vertex 3.2 10 2
    endloop
  endfacet
  facet normal 0 0 1
    outer loop
      vertex 4.69282 20.4 2
      vertex 4.69282 19.6 2
      vertex 4.8 20 2
    endloop
  endfacet
  facet normal 0 0 1
    outer loop
      vertex 4.4 20.6928 2
      vertex 4.69282 19.6 2
      vertex 4.69282 20.4 2
    endloop
  endfacet
  facet normal 0 0 1
    outer loop
      vertex 4.4 20.6928 2
      vertex 4.4 19.3072 2
      vertex 4.69282 19.6 2
    endloop
  endfacet
  facet normal 0 0 1
    outer loop
      vertex 4 20.8 2
      vertex 4.4 19.3072 2
      vertex 4.4 20.6928 2
    endloop
  endfacet
  facet normal 0 0 1
    outer loop
      vertex 4 20.8 2
      vertex 4 19.2 2
      vertex 4.4 19.3072 2
    endloop
  endfacet
  facet normal -0 0 1
    outer loop
      vertex 3.6 20.6928 2
      vertex 4 19.2 2
      vertex 4 20.8 2
    endloop
  endfacet
  facet normal 0 0 1
    outer loop
      vertex 3.6 20.6928 2
      vertex 3.6 19.3072 2
      vertex 4 19.2 2
    endloop
  endfacet
  facet normal -0 0 1
    outer loop
      vertex 3.30718 20.4 2
      vertex 3.6 19.3072 2
      vertex 3.6 20.6928 2
    endloop
  endfacet
  facet normal 0 0 1
    outer loop
      vertex 3.30718 20.4 2
      vertex 3.30718 19.6 2
      vertex 3.6 19.3072 2
    endloop
  endfacet
  facet normal 0 -0 1
    outer loop
      vertex 3.30718 19.6 2
      vertex 3.30718 20.4 2
      vertex 3.2 20 2
    endloop
  endfacet
  facet normal 0 1 -0
    outer loop
      vertex 48 2 2
      vertex 2 2 16
      vertex 48 2 16
    endloop
  endfacet
  facet normal 0 1 0
    outer loop
      vertex 2 2 16
      vertex 48 2 2
      vertex 2 2 2
    endloop
  endfacet
  facet normal 0 -1 0
    outer loop
      vertex 2 28 2
      vertex 48 28 16
      vertex 2 28 16
    endloop
  endfacet
  facet normal 0 -1 -0
    outer loop
      vertex 48 28 16
      vertex 2 28 2
      vertex 48 28 2
    endloop
  endfacet
  facet normal 1 -0 0
    outer loop
      vertex 49.9 10.25 9
      vertex 49.9 19.75 5
      vertex 49.9 19.75 9
    endloop
  endfacet
  facet normal 1 0 0
    outer loop
      vertex 49.9 19.75 5
      vertex 49.9 10.25 9
      vertex 49.9 10.25 5
    endloop
  endfacet
  facet normal 0 0 -1
    outer loop
      vertex 49.9 10.25 9
      vertex 50 19.75 9
      vertex 50 10.25 9
    endloop
  endfacet
  facet normal -0 0 -1
    outer loop
      vertex 50 19.75 9
      vertex 49.9 10.25 9
      vertex 49.9 19.75 9
    endloop
  endfacet
  facet normal 0 -1 0
    outer loop
      vertex 49.9 19.75 5
      vertex 50 19.75 9
      vertex 49.9 19.75 9
    endloop
  endfacet
  facet normal 0 -1 -0
    outer loop
      vertex 50 19.75 9
      vertex 49.9 19.75 5
      vertex 50 19.75 5
    endloop
  endfacet
  facet normal -0 0 1
    outer loop
      vertex 49.9 19.75 5
      vertex 50 10.25 5
      vertex 50 19.75 5
    endloop
  endfacet
  facet normal 0 0 1
    outer loop
      vertex 50 10.25 5
      vertex 49.9 19.75 5
      vertex 49.9 10.25 5
    endloop
  endfacet
  facet normal 0 1 -0
    outer loop
      vertex 50 10.25 5
      vertex 49.9 10.25 9
      vertex 50 10.25 9
    endloop
  endfacet
  facet normal 0 1 0
    outer loop
      vertex 49.9 10.25 9
      vertex 50 10.25 5
      vertex 49.9 10.25 5
    endloop
  endfacet
  facet normal 0.987685 0.156453 0
    outer loop
      vertex 5.5 10 5
      vertex 5.42658 10.4635 2
      vertex 5.42658 10.4635 5
    endloop
  endfacet
  facet normal 0.987685 0.156453 0
    outer loop
      vertex 5.42658 10.4635 2
      vertex 5.5 10 5
      vertex 5.5 10 2
    endloop
  endfacet
  facet normal 0.454053 0.890975 -0
    outer loop
      vertex 4.88168 11.2135 2
      vertex 4.46352 11.4266 5
      vertex 4.88168 11.2135 5
    endloop
  endfacet
  facet normal 0.454053 0.890975 0
    outer loop
      vertex 4.46352 11.4266 5
      vertex 4.88168 11.2135 2
      vertex 4.46352 11.4266 2
    endloop
  endfacet
  facet normal -0.891027 0.453951 0
    outer loop
      vertex 2.57342 10.4635 2
      vertex 2.78648 10.8817 5
      vertex 2.78648 10.8817 2
    endloop
  endfacet
  facet normal -0.891027 0.453951 0
    outer loop
      vertex 2.78648 10.8817 5
      vertex 2.57342 10.4635 2
      vertex 2.57342 10.4635 5
    endloop
  endfacet
  facet normal -0.453985 -0.891009 0
    outer loop
      vertex 3.11832 8.78648 2
      vertex 3.53648 8.57342 5
      vertex 3.11832 8.78648 5
    endloop
  endfacet
  facet normal -0.453985 -0.891009 -0
    outer loop
      vertex 3.53648 8.57342 5
      vertex 3.11832 8.78648 2
      vertex 3.53648 8.57342 2
    endloop
  endfacet
  facet normal 0.707064 0.707149 0
    outer loop
      vertex 5.21352 10.8817 5
      vertex 4.88168 11.2135 2
      vertex 4.88168 11.2135 5
    endloop
  endfacet
  facet normal 0.707064 0.707149 0
    outer loop
      vertex 4.88168 11.2135 2
      vertex 5.21352 10.8817 5
      vertex 5.21352 10.8817 2
    endloop
  endfacet
  facet normal 0.891027 0.453951 0
    outer loop
      vertex 5.42658 10.4635 5
      vertex 5.21352 10.8817 2
      vertex 5.21352 10.8817 5
    endloop
  endfacet
  facet normal 0.891027 0.453951 0
    outer loop
      vertex 5.21352 10.8817 2
      vertex 5.42658 10.4635 5
      vertex 5.42658 10.4635 2
    endloop
  endfacet
  facet normal 0.156405 0.987693 -0
    outer loop
      vertex 4.46352 11.4266 2
      vertex 4 11.5 5
      vertex 4.46352 11.4266 5
    endloop
  endfacet
  facet normal 0.156405 0.987693 0
    outer loop
      vertex 4 11.5 5
      vertex 4.46352 11.4266 2
      vertex 4 11.5 2
    endloop
  endfacet
  facet normal -0.156405 0.987693 0
    outer loop
      vertex 4 11.5 2
      vertex 3.53648 11.4266 5
      vertex 4 11.5 5
    endloop
  endfacet
  facet normal -0.156405 0.987693 0
    outer loop
      vertex 3.53648 11.4266 5
      vertex 4 11.5 2
      vertex 3.53648 11.4266 2
    endloop
  endfacet
  facet normal -0.707064 0.707149 0
    outer loop
      vertex 2.78648 10.8817 2
      vertex 3.11832 11.2135 5
      vertex 3.11832 11.2135 2
    endloop
  endfacet
  facet normal -0.707064 0.707149 0
    outer loop
      vertex 3.11832 11.2135 5
      vertex 2.78648 10.8817 2
      vertex 2.78648 10.8817 5
    endloop
  endfacet
  facet normal -0.454053 0.890975 0
    outer loop
      vertex 3.53648 11.4266 2
      vertex 3.11832 11.2135 5
      vertex 3.53648 11.4266 5
    endloop
  endfacet
  facet normal -0.454053 0.890975 0
    outer loop
      vertex 3.11832 11.2135 5
      vertex 3.53648 11.4266 2
      vertex 3.11832 11.2135 2
    endloop
  endfacet
  facet normal 0.707107 -0.707107 0
    outer loop
      vertex 4.88168 8.78648 5
      vertex 5.21352 9.11832 2
      vertex 5.21352 9.11832 5
    endloop
  endfacet
  facet normal 0.707107 -0.707107 0
    outer loop
      vertex 5.21352 9.11832 2
      vertex 4.88168 8.78648 5
      vertex 4.88168 8.78648 2
    endloop
  endfacet
  facet normal -0.987686 -0.156446 0
    outer loop
      vertex 2.57342 9.53648 2
      vertex 2.5 10 5
      vertex 2.5 10 2
    endloop
  endfacet
  facet normal -0.987686 -0.156446 0
    outer loop
      vertex 2.5 10 5
      vertex 2.57342 9.53648 2
      vertex 2.57342 9.53648 5
    endloop
  endfacet
  facet normal -0.707107 -0.707107 0
    outer loop
      vertex 3.11832 8.78648 2
      vertex 2.78648 9.11832 5
      vertex 2.78648 9.11832 2
    endloop
  endfacet
  facet normal -0.707107 -0.707107 0
    outer loop
      vertex 2.78648 9.11832 5
      vertex 3.11832 8.78648 2
      vertex 3.11832 8.78648 5
    endloop
  endfacet
  facet normal -0.891009 -0.453985 0
    outer loop
      vertex 2.78648 9.11832 2
      vertex 2.57342 9.53648 5
      vertex 2.57342 9.53648 2
    endloop
  endfacet
  facet normal -0.891009 -0.453985 0
    outer loop
      vertex 2.57342 9.53648 5
      vertex 2.78648 9.11832 2
      vertex 2.78648 9.11832 5
    endloop
  endfacet
  facet normal -0.987685 0.156453 0
    outer loop
      vertex 2.5 10 2
      vertex 2.57342 10.4635 5
      vertex 2.57342 10.4635 2
    endloop
  endfacet
  facet normal -0.987685 0.156453 0
    outer loop
      vertex 2.57342 10.4635 5
      vertex 2.5 10 2
      vertex 2.5 10 5
    endloop
  endfacet
  facet normal 0.891009 -0.453985 0
    outer loop
      vertex 5.21352 9.11832 5
      vertex 5.42658 9.53648 2
      vertex 5.42658 9.53648 5
    endloop
  endfacet
  facet normal 0.891009 -0.453985 0
    outer loop
      vertex 5.42658 9.53648 2
      vertex 5.21352 9.11832 5
      vertex 5.21352 9.11832 2
    endloop
  endfacet
  facet normal 0.156446 -0.987686 0
    outer loop
      vertex 4 8.5 2
      vertex 4.46352 8.57342 5
      vertex 4 8.5 5
    endloop
  endfacet
  facet normal 0.156446 -0.987686 0
    outer loop
      vertex 4.46352 8.57342 5
      vertex 4 8.5 2
      vertex 4.46352 8.57342 2
    endloop
  endfacet
  facet normal 0.453985 -0.891009 0
    outer loop
      vertex 4.46352 8.57342 2
      vertex 4.88168 8.78648 5
      vertex 4.46352 8.57342 5
    endloop
  endfacet
  facet normal 0.453985 -0.891009 0
    outer loop
      vertex 4.88168 8.78648 5
      vertex 4.46352 8.57342 2
      vertex 4.88168 8.78648 2
    endloop
  endfacet
  facet normal -0.156446 -0.987686 0
    outer loop
      vertex 3.53648 8.57342 2
      vertex 4 8.5 5
      vertex 3.53648 8.57342 5
    endloop
  endfacet
  facet normal -0.156446 -0.987686 -0
    outer loop
      vertex 4 8.5 5
      vertex 3.53648 8.57342 2
      vertex 4 8.5 2
    endloop
  endfacet
  facet normal 0 0 1
    outer loop
      vertex 4.8 10 5
      vertex 5.5 10 5
      vertex 5.42658 10.4635 5
    endloop
  endfacet
  facet normal 0 0 1
    outer loop
      vertex 4.69282 10.4 5
      vertex 5.42658 10.4635 5
      vertex 5.21352 10.8817 5
    endloop
  endfacet
  facet normal 0 0 1
    outer loop
      vertex 5.5 10 5
      vertex 4.8 10 5
      vertex 5.42658 9.53648 5
    endloop
  endfacet
  facet normal 0 0 1
    outer loop
      vertex 4.69282 10.4 5
      vertex 5.21352 10.8817 5
      vertex 4.88168 11.2135 5
    endloop
  endfacet
  facet normal -0 0 1
    outer loop
      vertex 4.69282 9.6 5
      vertex 5.42658 9.53648 5
      vertex 4.8 10 5
    endloop
  endfacet
  facet normal 0 0 1
    outer loop
      vertex 5.42658 9.53648 5
      vertex 4.69282 9.6 5
      vertex 5.21352 9.11832 5
    endloop
  endfacet
  facet normal 0 0 1
    outer loop
      vertex 5.42658 10.4635 5
      vertex 4.69282 10.4 5
      vertex 4.8 10 5
    endloop
  endfacet
  facet normal 0 0 1
    outer loop
      vertex 4.4 10.6928 5
      vertex 4.88168 11.2135 5
      vertex 4.46352 11.4266 5
    endloop
  endfacet
  facet normal 0 0 1
    outer loop
      vertex 4.88168 11.2135 5
      vertex 4.4 10.6928 5
      vertex 4.69282 10.4 5
    endloop
  endfacet
  facet normal 0 0 1
    outer loop
      vertex 4 10.8 5
      vertex 4.46352 11.4266 5
      vertex 4 11.5 5
    endloop
  endfacet
  facet normal 0 0 1
    outer loop
      vertex 4.46352 11.4266 5
      vertex 4 10.8 5
      vertex 4.4 10.6928 5
    endloop
  endfacet
  facet normal -0 0 1
    outer loop
      vertex 3.53648 11.4266 5
      vertex 4 10.8 5
      vertex 4 11.5 5
    endloop
  endfacet
  facet normal 0 0 1
    outer loop
      vertex 4 10.8 5
      vertex 3.53648 11.4266 5
      vertex 3.6 10.6928 5
    endloop
  endfacet
  facet normal -0 0 1
    outer loop
      vertex 3.11832 11.2135 5
      vertex 3.6 10.6928 5
      vertex 3.53648 11.4266 5
    endloop
  endfacet
  facet normal 0 0 1
    outer loop
      vertex 3.6 10.6928 5
      vertex 3.11832 11.2135 5
      vertex 3.30718 10.4 5
    endloop
  endfacet
  facet normal -0 0 1
    outer loop
      vertex 2.78648 10.8817 5
      vertex 3.30718 10.4 5
      vertex 3.11832 11.2135 5
    endloop
  endfacet
  facet normal 0 0 1
    outer loop
      vertex 5.21352 9.11832 5
      vertex 4.69282 9.6 5
      vertex 4.88168 8.78648 5
    endloop
  endfacet
  facet normal -0 0 1
    outer loop
      vertex 4.4 9.30718 5
      vertex 4.88168 8.78648 5
      vertex 4.69282 9.6 5
    endloop
  endfacet
  facet normal 0 0 1
    outer loop
      vertex 4.88168 8.78648 5
      vertex 4.4 9.30718 5
      vertex 4.46352 8.57342 5
    endloop
  endfacet
  facet normal -0 0 1
    outer loop
      vertex 4 9.2 5
      vertex 4.46352 8.57342 5
      vertex 4.4 9.30718 5
    endloop
  endfacet
  facet normal 0 0 1
    outer loop
      vertex 4 9.2 5
      vertex 4 8.5 5
      vertex 4.46352 8.57342 5
    endloop
  endfacet
  facet normal 0 0 1
    outer loop
      vertex 3.53648 8.57342 5
      vertex 4 9.2 5
      vertex 3.6 9.30718 5
    endloop
  endfacet
  facet normal 0 0 1
    outer loop
      vertex 4 9.2 5
      vertex 3.53648 8.57342 5
      vertex 4 8.5 5
    endloop
  endfacet
  facet normal 0 0 1
    outer loop
      vertex 3.11832 8.78648 5
      vertex 3.6 9.30718 5
      vertex 3.30718 9.6 5
    endloop
  endfacet
  facet normal 0 0 1
    outer loop
      vertex 2.57342 9.53648 5
      vertex 3.30718 9.6 5
      vertex 3.2 10 5
    endloop
  endfacet
  facet normal 0 0 1
    outer loop
      vertex 3.6 9.30718 5
      vertex 3.11832 8.78648 5
      vertex 3.53648 8.57342 5
    endloop
  endfacet
  facet normal -0 0 1
    outer loop
      vertex 2.57342 10.4635 5
      vertex 3.30718 10.4 5
      vertex 2.78648 10.8817 5
    endloop
  endfacet
  facet normal 0 0 1
    outer loop
      vertex 3.30718 10.4 5
      vertex 2.57342 10.4635 5
      vertex 3.2 10 5
    endloop
  endfacet
  facet normal 0 0 1
    outer loop
      vertex 3.30718 9.6 5
      vertex 2.78648 9.11832 5
      vertex 3.11832 8.78648 5
    endloop
  endfacet
  facet normal 0 0 1
    outer loop
      vertex 2.5 10 5
      vertex 3.2 10 5
      vertex 2.57342 10.4635 5
    endloop
  endfacet
  facet normal 0 0 1
    outer loop
      vertex 3.30718 9.6 5
      vertex 2.57342 9.53648 5
      vertex 2.78648 9.11832 5
    endloop
  endfacet
  facet normal 0 0 1
    outer loop
      vertex 3.2 10 5
      vertex 2.5 10 5
      vertex 2.57342 9.53648 5
    endloop
  endfacet
  facet normal 0.987686 -0.156446 0
    outer loop
      vertex 5.42658 9.53648 5
      vertex 5.5 10 2
      vertex 5.5 10 5
    endloop
  endfacet
  facet normal 0.987686 -0.156446 0
    outer loop
      vertex 5.5 10 2
      vertex 5.42658 9.53648 5
      vertex 5.42658 9.53648 2
    endloop
  endfacet
  facet normal -0.965926 -0.25882 0
    outer loop
      vertex 4.8 10 2
      vertex 4.69282 10.4 5
      vertex 4.69282 10.4 2
    endloop
  endfacet
  facet normal -0.965926 -0.25882 0
    outer loop
      vertex 4.69282 10.4 5
      vertex 4.8 10 2
      vertex 4.8 10 5
    endloop
  endfacet
  facet normal 0.965926 -0.25882 0
    outer loop
      vertex 3.2 10 5
      vertex 3.30718 10.4 2
      vertex 3.30718 10.4 5
    endloop
  endfacet
  facet normal 0.965926 -0.25882 0
    outer loop
      vertex 3.30718 10.4 2
      vertex 3.2 10 5
      vertex 3.2 10 2
    endloop
  endfacet
  facet normal -0.258865 -0.965914 0
    outer loop
      vertex 4 10.8 2
      vertex 4.4 10.6928 5
      vertex 4 10.8 5
    endloop
  endfacet
  facet normal -0.258865 -0.965914 -0
    outer loop
      vertex 4.4 10.6928 5
      vertex 4 10.8 2
      vertex 4.4 10.6928 2
    endloop
  endfacet
  facet normal -0.707083 -0.707131 0
    outer loop
      vertex 4.69282 10.4 2
      vertex 4.4 10.6928 5
      vertex 4.4 10.6928 2
    endloop
  endfacet
  facet normal -0.707083 -0.707131 0
    outer loop
      vertex 4.4 10.6928 5
      vertex 4.69282 10.4 2
      vertex 4.69282 10.4 5
    endloop
  endfacet
  facet normal 0.258865 -0.965914 0
    outer loop
      vertex 3.6 10.6928 2
      vertex 4 10.8 5
      vertex 3.6 10.6928 5
    endloop
  endfacet
  facet normal 0.258865 -0.965914 0
    outer loop
      vertex 4 10.8 5
      vertex 3.6 10.6928 2
      vertex 4 10.8 2
    endloop
  endfacet
  facet normal -0.25882 0.965926 0
    outer loop
      vertex 4.4 9.30718 2
      vertex 4 9.2 5
      vertex 4.4 9.30718 5
    endloop
  endfacet
  facet normal -0.25882 0.965926 0
    outer loop
      vertex 4 9.2 5
      vertex 4.4 9.30718 2
      vertex 4 9.2 2
    endloop
  endfacet
  facet normal 0.25882 0.965926 -0
    outer loop
      vertex 4 9.2 2
      vertex 3.6 9.30718 5
      vertex 4 9.2 5
    endloop
  endfacet
  facet normal 0.25882 0.965926 0
    outer loop
      vertex 3.6 9.30718 5
      vertex 4 9.2 2
      vertex 3.6 9.30718 2
    endloop
  endfacet
  facet normal 0.965926 0.25882 0
    outer loop
      vertex 3.30718 9.6 5
      vertex 3.2 10 2
      vertex 3.2 10 5
    endloop
  endfacet
  facet normal 0.965926 0.25882 0
    outer loop
      vertex 3.2 10 2
      vertex 3.30718 9.6 5
      vertex 3.30718 9.6 2
    endloop
  endfacet
  facet normal 0.707083 -0.707131 0
    outer loop
      vertex 3.30718 10.4 5
      vertex 3.6 10.6928 2
      vertex 3.6 10.6928 5
    endloop
  endfacet
  facet normal 0.707083 -0.707131 0
    outer loop
      vertex 3.6 10.6928 2
      vertex 3.30718 10.4 5
      vertex 3.30718 10.4 2
    endloop
  endfacet
  facet normal 0.707107 0.707107 0
    outer loop
      vertex 3.6 9.30718 5
      vertex 3.30718 9.6 2
      vertex 3.30718 9.6 5
    endloop
  endfacet
  facet normal 0.707107 0.707107 0
    outer loop
      vertex 3.30718 9.6 2
      vertex 3.6 9.30718 5
      vertex 3.6 9.30718 2
    endloop
  endfacet
  facet normal -0.707107 0.707107 0
    outer loop
      vertex 4.4 9.30718 2
      vertex 4.69282 9.6 5
      vertex 4.69282 9.6 2
    endloop
  endfacet
  facet normal -0.707107 0.707107 0
    outer loop
      vertex 4.69282 9.6 5
      vertex 4.4 9.30718 2
      vertex 4.4 9.30718 5
    endloop
  endfacet
  facet normal -0.965926 0.25882 0
    outer loop
      vertex 4.69282 9.6 2
      vertex 4.8 10 5
      vertex 4.8 10 2
    endloop
  endfacet
  facet normal -0.965926 0.25882 0
    outer loop
      vertex 4.8 10 5
      vertex 4.69282 9.6 2
      vertex 4.69282 9.6 5
    endloop
  endfacet
  facet normal 0.987685 0.156453 0
    outer loop
      vertex 5.5 20 5
      vertex 5.42658 20.4635 2
      vertex 5.42658 20.4635 5
    endloop
  endfacet
  facet normal 0.987685 0.156453 0
    outer loop
      vertex 5.42658 20.4635 2
      vertex 5.5 20 5
      vertex 5.5 20 2
    endloop
  endfacet
  facet normal 0.454053 0.890975 -0
    outer loop
      vertex 4.88168 21.2135 2
      vertex 4.46352 21.4266 5
      vertex 4.88168 21.2135 5
    endloop
  endfacet
  facet normal 0.454053 0.890975 0
    outer loop
      vertex 4.46352 21.4266 5
      vertex 4.88168 21.2135 2
      vertex 4.46352 21.4266 2
    endloop
  endfacet
  facet normal -0.891027 0.453951 0
    outer loop
      vertex 2.57342 20.4635 2
      vertex 2.78648 20.8817 5
      vertex 2.78648 20.8817 2
    endloop
  endfacet
  facet normal -0.891027 0.453951 0
    outer loop
      vertex 2.78648 20.8817 5
      vertex 2.57342 20.4635 2
      vertex 2.57342 20.4635 5
    endloop
  endfacet
  facet normal -0.454053 -0.890975 0
    outer loop
      vertex 3.11832 18.7865 2
      vertex 3.53648 18.5734 5
      vertex 3.11832 18.7865 5
    endloop
  endfacet
  facet normal -0.454053 -0.890975 -0
    outer loop
      vertex 3.53648 18.5734 5
      vertex 3.11832 18.7865 2
      vertex 3.53648 18.5734 2
    endloop
  endfacet
  facet normal 0.707064 0.707149 -0
    outer loop
      vertex 5.21352 20.8817 2
      vertex 4.88168 21.2135 5
      vertex 5.21352 20.8817 5
    endloop
  endfacet
  facet normal 0.707064 0.707149 0
    outer loop
      vertex 4.88168 21.2135 5
      vertex 5.21352 20.8817 2
      vertex 4.88168 21.2135 2
    endloop
  endfacet
  facet normal 0.891027 0.453951 0
    outer loop
      vertex 5.42658 20.4635 5
      vertex 5.21352 20.8817 2
      vertex 5.21352 20.8817 5
    endloop
  endfacet
  facet normal 0.891027 0.453951 0
    outer loop
      vertex 5.21352 20.8817 2
      vertex 5.42658 20.4635 5
      vertex 5.42658 20.4635 2
    endloop
  endfacet
  facet normal 0.156405 0.987693 -0
    outer loop
      vertex 4.46352 21.4266 2
      vertex 4 21.5 5
      vertex 4.46352 21.4266 5
    endloop
  endfacet
  facet normal 0.156405 0.987693 0
    outer loop
      vertex 4 21.5 5
      vertex 4.46352 21.4266 2
      vertex 4 21.5 2
    endloop
  endfacet
  facet normal -0.156405 0.987693 0
    outer loop
      vertex 4 21.5 2
      vertex 3.53648 21.4266 5
      vertex 4 21.5 5
    endloop
  endfacet
  facet normal -0.156405 0.987693 0
    outer loop
      vertex 3.53648 21.4266 5
      vertex 4 21.5 2
      vertex 3.53648 21.4266 2
    endloop
  endfacet
  facet normal -0.707064 0.707149 0
    outer loop
      vertex 3.11832 21.2135 2
      vertex 2.78648 20.8817 5
      vertex 3.11832 21.2135 5
    endloop
  endfacet
  facet normal -0.707064 0.707149 0
    outer loop
      vertex 2.78648 20.8817 5
      vertex 3.11832 21.2135 2
      vertex 2.78648 20.8817 2
    endloop
  endfacet
  facet normal -0.454053 0.890975 0
    outer loop
      vertex 3.53648 21.4266 2
      vertex 3.11832 21.2135 5
      vertex 3.53648 21.4266 5
    endloop
  endfacet
  facet normal -0.454053 0.890975 0
    outer loop
      vertex 3.11832 21.2135 5
      vertex 3.53648 21.4266 2
      vertex 3.11832 21.2135 2
    endloop
  endfacet
  facet normal 0.707064 -0.707149 0
    outer loop
      vertex 4.88168 18.7865 2
      vertex 5.21352 19.1183 5
      vertex 4.88168 18.7865 5
    endloop
  endfacet
  facet normal 0.707064 -0.707149 0
    outer loop
      vertex 5.21352 19.1183 5
      vertex 4.88168 18.7865 2
      vertex 5.21352 19.1183 2
    endloop
  endfacet
  facet normal -0.987685 -0.156453 0
    outer loop
      vertex 2.57342 19.5365 2
      vertex 2.5 20 5
      vertex 2.5 20 2
    endloop
  endfacet
  facet normal -0.987685 -0.156453 0
    outer loop
      vertex 2.5 20 5
      vertex 2.57342 19.5365 2
      vertex 2.57342 19.5365 5
    endloop
  endfacet
  facet normal -0.707064 -0.707149 0
    outer loop
      vertex 2.78648 19.1183 2
      vertex 3.11832 18.7865 5
      vertex 2.78648 19.1183 5
    endloop
  endfacet
  facet normal -0.707064 -0.707149 -0
    outer loop
      vertex 3.11832 18.7865 5
      vertex 2.78648 19.1183 2
      vertex 3.11832 18.7865 2
    endloop
  endfacet
  facet normal -0.891027 -0.453951 0
    outer loop
      vertex 2.78648 19.1183 2
      vertex 2.57342 19.5365 5
      vertex 2.57342 19.5365 2
    endloop
  endfacet
  facet normal -0.891027 -0.453951 0
    outer loop
      vertex 2.57342 19.5365 5
      vertex 2.78648 19.1183 2
      vertex 2.78648 19.1183 5
    endloop
  endfacet
  facet normal -0.987685 0.156453 0
    outer loop
      vertex 2.5 20 2
      vertex 2.57342 20.4635 5
      vertex 2.57342 20.4635 2
    endloop
  endfacet
  facet normal -0.987685 0.156453 0
    outer loop
      vertex 2.57342 20.4635 5
      vertex 2.5 20 2
      vertex 2.5 20 5
    endloop
  endfacet
  facet normal 0.891027 -0.453951 0
    outer loop
      vertex 5.21352 19.1183 5
      vertex 5.42658 19.5365 2
      vertex 5.42658 19.5365 5
    endloop
  endfacet
  facet normal 0.891027 -0.453951 0
    outer loop
      vertex 5.42658 19.5365 2
      vertex 5.21352 19.1183 5
      vertex 5.21352 19.1183 2
    endloop
  endfacet
  facet normal 0.156405 -0.987693 0
    outer loop
      vertex 4 18.5 2
      vertex 4.46352 18.5734 5
      vertex 4 18.5 5
    endloop
  endfacet
  facet normal 0.156405 -0.987693 0
    outer loop
      vertex 4.46352 18.5734 5
      vertex 4 18.5 2
      vertex 4.46352 18.5734 2
    endloop
  endfacet
  facet normal 0.454053 -0.890975 0
    outer loop
      vertex 4.46352 18.5734 2
      vertex 4.88168 18.7865 5
      vertex 4.46352 18.5734 5
    endloop
  endfacet
  facet normal 0.454053 -0.890975 0
    outer loop
      vertex 4.88168 18.7865 5
      vertex 4.46352 18.5734 2
      vertex 4.88168 18.7865 2
    endloop
  endfacet
  facet normal -0.156405 -0.987693 0
    outer loop
      vertex 3.53648 18.5734 2
      vertex 4 18.5 5
      vertex 3.53648 18.5734 5
    endloop
  endfacet
  facet normal -0.156405 -0.987693 -0
    outer loop
      vertex 4 18.5 5
      vertex 3.53648 18.5734 2
      vertex 4 18.5 2
    endloop
  endfacet
  facet normal 0 0 1
    outer loop
      vertex 4.8 20 5
      vertex 5.5 20 5
      vertex 5.42658 20.4635 5
    endloop
  endfacet
  facet normal 0 0 1
    outer loop
      vertex 4.69282 20.4 5
      vertex 5.42658 20.4635 5
      vertex 5.21352 20.8817 5
    endloop
  endfacet
  facet normal 0 0 1
    outer loop
      vertex 5.5 20 5
      vertex 4.8 20 5
      vertex 5.42658 19.5365 5
    endloop
  endfacet
  facet normal 0 0 1
    outer loop
      vertex 4.69282 20.4 5
      vertex 5.21352 20.8817 5
      vertex 4.88168 21.2135 5
    endloop
  endfacet
  facet normal -0 0 1
    outer loop
      vertex 4.69282 19.6 5
      vertex 5.42658 19.5365 5
      vertex 4.8 20 5
    endloop
  endfacet
  facet normal 0 0 1
    outer loop
      vertex 5.42658 19.5365 5
      vertex 4.69282 19.6 5
      vertex 5.21352 19.1183 5
    endloop
  endfacet
  facet normal 0 0 1
    outer loop
      vertex 5.42658 20.4635 5
      vertex 4.69282 20.4 5
      vertex 4.8 20 5
    endloop
  endfacet
  facet normal 0 0 1
    outer loop
      vertex 4.4 20.6928 5
      vertex 4.88168 21.2135 5
      vertex 4.46352 21.4266 5
    endloop
  endfacet
  facet normal 0 0 1
    outer loop
      vertex 4.88168 21.2135 5
      vertex 4.4 20.6928 5
      vertex 4.69282 20.4 5
    endloop
  endfacet
  facet normal 0 0 1
    outer loop
      vertex 4 20.8 5
      vertex 4.46352 21.4266 5
      vertex 4 21.5 5
    endloop
  endfacet
  facet normal 0 0 1
    outer loop
      vertex 4.46352 21.4266 5
      vertex 4 20.8 5
      vertex 4.4 20.6928 5
    endloop
  endfacet
  facet normal -0 0 1
    outer loop
      vertex 3.53648 21.4266 5
      vertex 4 20.8 5
      vertex 4 21.5 5
    endloop
  endfacet
  facet normal 0 0 1
    outer loop
      vertex 4 20.8 5
      vertex 3.53648 21.4266 5
      vertex 3.6 20.6928 5
    endloop
  endfacet
  facet normal -0 0 1
    outer loop
      vertex 3.11832 21.2135 5
      vertex 3.6 20.6928 5
      vertex 3.53648 21.4266 5
    endloop
  endfacet
  facet normal 0 0 1
    outer loop
      vertex 3.6 20.6928 5
      vertex 3.11832 21.2135 5
      vertex 3.30718 20.4 5
    endloop
  endfacet
  facet normal -0 0 1
    outer loop
      vertex 2.78648 20.8817 5
      vertex 3.30718 20.4 5
      vertex 3.11832 21.2135 5
    endloop
  endfacet
  facet normal 0 0 1
    outer loop
      vertex 5.21352 19.1183 5
      vertex 4.69282 19.6 5
      vertex 4.88168 18.7865 5
    endloop
  endfacet
  facet normal -0 0 1
    outer loop
      vertex 4.4 19.3072 5
      vertex 4.88168 18.7865 5
      vertex 4.69282 19.6 5
    endloop
  endfacet
  facet normal 0 0 1
    outer loop
      vertex 4.88168 18.7865 5
      vertex 4.4 19.3072 5
      vertex 4.46352 18.5734 5
    endloop
  endfacet
  facet normal -0 0 1
    outer loop
      vertex 4 19.2 5
      vertex 4.46352 18.5734 5
      vertex 4.4 19.3072 5
    endloop
  endfacet
  facet normal 0 0 1
    outer loop
      vertex 4 19.2 5
      vertex 4 18.5 5
      vertex 4.46352 18.5734 5
    endloop
  endfacet
  facet normal 0 0 1
    outer loop
      vertex 3.53648 18.5734 5
      vertex 4 19.2 5
      vertex 3.6 19.3072 5
    endloop
  endfacet
  facet normal 0 0 1
    outer loop
      vertex 4 19.2 5
      vertex 3.53648 18.5734 5
      vertex 4 18.5 5
    endloop
  endfacet
  facet normal 0 0 1
    outer loop
      vertex 3.11832 18.7865 5
      vertex 3.6 19.3072 5
      vertex 3.30718 19.6 5
    endloop
  endfacet
  facet normal 0 0 1
    outer loop
      vertex 2.57342 19.5365 5
      vertex 3.30718 19.6 5
      vertex 3.2 20 5
    endloop
  endfacet
  facet normal 0 0 1
    outer loop
      vertex 3.6 19.3072 5
      vertex 3.11832 18.7865 5
      vertex 3.53648 18.5734 5
    endloop
  endfacet
  facet normal -0 0 1
    outer loop
      vertex 2.57342 20.4635 5
      vertex 3.30718 20.4 5
      vertex 2.78648 20.8817 5
    endloop
  endfacet
  facet normal 0 0 1
    outer loop
      vertex 3.30718 20.4 5
      vertex 2.57342 20.4635 5
      vertex 3.2 20 5
    endloop
  endfacet
  facet normal 0 0 1
    outer loop
      vertex 3.30718 19.6 5
      vertex 2.78648 19.1183 5
      vertex 3.11832 18.7865 5
    endloop
  endfacet
  facet normal 0 0 1
    outer loop
      vertex 2.5 20 5
      vertex 3.2 20 5
      vertex 2.57342 20.4635 5
    endloop
  endfacet
  facet normal 0 0 1
    outer loop
      vertex 3.30718 19.6 5
      vertex 2.57342 19.5365 5
      vertex 2.78648 19.1183 5
    endloop
  endfacet
  facet normal 0 0 1
    outer loop
      vertex 3.2 20 5
      vertex 2.5 20 5
      vertex 2.57342 19.5365 5
    endloop
  endfacet
  facet normal 0.987685 -0.156453 0
    outer loop
      vertex 5.42658 19.5365 5
      vertex 5.5 20 2
      vertex 5.5 20 5
    endloop
  endfacet
  facet normal 0.987685 -0.156453 0
    outer loop
      vertex 5.5 20 2
      vertex 5.42658 19.5365 5
      vertex 5.42658 19.5365 2
    endloop
  endfacet
  facet normal -0.965926 -0.25882 0
    outer loop
      vertex 4.8 20 2
      vertex 4.69282 20.4 5
      vertex 4.69282 20.4 2
    endloop
  endfacet
  facet normal -0.965926 -0.25882 0
    outer loop
      vertex 4.69282 20.4 5
      vertex 4.8 20 2
      vertex 4.8 20 5
    endloop
  endfacet
  facet normal 0.965926 -0.25882 0
    outer loop
      vertex 3.2 20 5
      vertex 3.30718 20.4 2
      vertex 3.30718 20.4 5
    endloop
  endfacet
  facet normal 0.965926 -0.25882 0
    outer loop
      vertex 3.30718 20.4 2
      vertex 3.2 20 5
      vertex 3.2 20 2
    endloop
  endfacet
  facet normal -0.258865 -0.965914 0
    outer loop
      vertex 4 20.8 2
      vertex 4.4 20.6928 5
      vertex 4 20.8 5
    endloop
  endfacet
  facet normal -0.258865 -0.965914 -0
    outer loop
      vertex 4.4 20.6928 5
      vertex 4 20.8 2
      vertex 4.4 20.6928 2
    endloop
  endfacet
  facet normal -0.707083 -0.707131 0
    outer loop
      vertex 4.69282 20.4 2
      vertex 4.4 20.6928 5
      vertex 4.4 20.6928 2
    endloop
  endfacet
  facet normal -0.707083 -0.707131 0
    outer loop
      vertex 4.4 20.6928 5
      vertex 4.69282 20.4 2
      vertex 4.69282 20.4 5
    endloop
  endfacet
  facet normal 0.258865 -0.965914 0
    outer loop
      vertex 3.6 20.6928 2
      vertex 4 20.8 5
      vertex 3.6 20.6928 5
    endloop
  endfacet
  facet normal 0.258865 -0.965914 0
    outer loop
      vertex 4 20.8 5
      vertex 3.6 20.6928 2
      vertex 4 20.8 2
    endloop
  endfacet
  facet normal -0.258865 0.965914 0
    outer loop
      vertex 4.4 19.3072 2
      vertex 4 19.2 5
      vertex 4.4 19.3072 5
    endloop
  endfacet
  facet normal -0.258865 0.965914 0
    outer loop
      vertex 4 19.2 5
      vertex 4.4 19.3072 2
      vertex 4 19.2 2
    endloop
  endfacet
  facet normal 0.258865 0.965914 -0
    outer loop
      vertex 4 19.2 2
      vertex 3.6 19.3072 5
      vertex 4 19.2 5
    endloop
  endfacet
  facet normal 0.258865 0.965914 0
    outer loop
      vertex 3.6 19.3072 5
      vertex 4 19.2 2
      vertex 3.6 19.3072 2
    endloop
  endfacet
  facet normal 0.965926 0.25882 0
    outer loop
      vertex 3.30718 19.6 5
      vertex 3.2 20 2
      vertex 3.2 20 5
    endloop
  endfacet
  facet normal 0.965926 0.25882 0
    outer loop
      vertex 3.2 20 2
      vertex 3.30718 19.6 5
      vertex 3.30718 19.6 2
    endloop
  endfacet
  facet normal 0.707083 -0.707131 0
    outer loop
      vertex 3.30718 20.4 5
      vertex 3.6 20.6928 2
      vertex 3.6 20.6928 5
    endloop
  endfacet
  facet normal 0.707083 -0.707131 0
    outer loop
      vertex 3.6 20.6928 2
      vertex 3.30718 20.4 5
      vertex 3.30718 20.4 2
    endloop
  endfacet
  facet normal 0.707083 0.707131 0
    outer loop
      vertex 3.6 19.3072 5
      vertex 3.30718 19.6 2
      vertex 3.30718 19.6 5
    endloop
  endfacet
  facet normal 0.707083 0.707131 0
    outer loop
      vertex 3.30718 19.6 2
      vertex 3.6 19.3072 5
      vertex 3.6 19.3072 2
    endloop
  endfacet
  facet normal -0.707083 0.707131 0
    outer loop
      vertex 4.4 19.3072 2
      vertex 4.69282 19.6 5
      vertex 4.69282 19.6 2
    endloop
  endfacet
  facet normal -0.707083 0.707131 0
    outer loop
      vertex 4.69282 19.6 5
      vertex 4.4 19.3072 2
      vertex 4.4 19.3072 5
    endloop
  endfacet
  facet normal -0.965926 0.25882 0
    outer loop
      vertex 4.69282 19.6 2
      vertex 4.8 20 5
      vertex 4.8 20 2
    endloop
  endfacet
  facet normal -0.965926 0.25882 0
    outer loop
      vertex 4.8 20 5
      vertex 4.69282 19.6 2
      vertex 4.69282 19.6 5
    endloop
  endfacet
  facet normal 0.987692 0.156411 0
    outer loop
      vertex 21.5 10 5
      vertex 21.4266 10.4635 3.5
      vertex 21.4266 10.4635 5
    endloop
  endfacet
  facet normal 0.987692 0.156411 0
    outer loop
      vertex 21.4266 10.4635 3.5
      vertex 21.5 10 5
      vertex 21.5 10 3.5
    endloop
  endfacet
  facet normal 0.454018 0.890992 -0
    outer loop
      vertex 20.8817 11.2135 3.5
      vertex 20.4635 11.4266 5
      vertex 20.8817 11.2135 5
    endloop
  endfacet
  facet normal 0.454018 0.890992 0
    outer loop
      vertex 20.4635 11.4266 5
      vertex 20.8817 11.2135 3.5
      vertex 20.4635 11.4266 3.5
    endloop
  endfacet
  facet normal -0.890992 0.454018 0
    outer loop
      vertex 18.5734 10.4635 3.5
      vertex 18.7865 10.8817 5
      vertex 18.7865 10.8817 3.5
    endloop
  endfacet
  facet normal -0.890992 0.454018 0
    outer loop
      vertex 18.7865 10.8817 5
      vertex 18.5734 10.4635 3.5
      vertex 18.5734 10.4635 5
    endloop
  endfacet
  facet normal -0.453951 -0.891027 0
    outer loop
      vertex 19.1183 8.78648 3.5
      vertex 19.5365 8.57342 5
      vertex 19.1183 8.78648 5
    endloop
  endfacet
  facet normal -0.453951 -0.891027 -0
    outer loop
      vertex 19.5365 8.57342 5
      vertex 19.1183 8.78648 3.5
      vertex 19.5365 8.57342 3.5
    endloop
  endfacet
  facet normal 0.707107 0.707107 0
    outer loop
      vertex 21.2135 10.8817 5
      vertex 20.8817 11.2135 3.5
      vertex 20.8817 11.2135 5
    endloop
  endfacet
  facet normal 0.707107 0.707107 0
    outer loop
      vertex 20.8817 11.2135 3.5
      vertex 21.2135 10.8817 5
      vertex 21.2135 10.8817 3.5
    endloop
  endfacet
  facet normal 0.890992 0.454018 0
    outer loop
      vertex 21.4266 10.4635 5
      vertex 21.2135 10.8817 3.5
      vertex 21.2135 10.8817 5
    endloop
  endfacet
  facet normal 0.890992 0.454018 0
    outer loop
      vertex 21.2135 10.8817 3.5
      vertex 21.4266 10.4635 5
      vertex 21.4266 10.4635 3.5
    endloop
  endfacet
  facet normal 0.156411 0.987692 -0
    outer loop
      vertex 20.4635 11.4266 3.5
      vertex 20 11.5 5
      vertex 20.4635 11.4266 5
    endloop
  endfacet
  facet normal 0.156411 0.987692 0
    outer loop
      vertex 20 11.5 5
      vertex 20.4635 11.4266 3.5
      vertex 20 11.5 3.5
    endloop
  endfacet
  facet normal -0.156411 0.987692 0
    outer loop
      vertex 20 11.5 3.5
      vertex 19.5365 11.4266 5
      vertex 20 11.5 5
    endloop
  endfacet
  facet normal -0.156411 0.987692 0
    outer loop
      vertex 19.5365 11.4266 5
      vertex 20 11.5 3.5
      vertex 19.5365 11.4266 3.5
    endloop
  endfacet
  facet normal -0.707107 0.707107 0
    outer loop
      vertex 18.7865 10.8817 3.5
      vertex 19.1183 11.2135 5
      vertex 19.1183 11.2135 3.5
    endloop
  endfacet
  facet normal -0.707107 0.707107 0
    outer loop
      vertex 19.1183 11.2135 5
      vertex 18.7865 10.8817 3.5
      vertex 18.7865 10.8817 5
    endloop
  endfacet
  facet normal -0.454018 0.890992 0
    outer loop
      vertex 19.5365 11.4266 3.5
      vertex 19.1183 11.2135 5
      vertex 19.5365 11.4266 5
    endloop
  endfacet
  facet normal -0.454018 0.890992 0
    outer loop
      vertex 19.1183 11.2135 5
      vertex 19.5365 11.4266 3.5
      vertex 19.1183 11.2135 3.5
    endloop
  endfacet
  facet normal 0.707149 -0.707064 0
    outer loop
      vertex 20.8817 8.78648 5
      vertex 21.2135 9.11832 3.5
      vertex 21.2135 9.11832 5
    endloop
  endfacet
  facet normal 0.707149 -0.707064 0
    outer loop
      vertex 21.2135 9.11832 3.5
      vertex 20.8817 8.78648 5
      vertex 20.8817 8.78648 3.5
    endloop
  endfacet
  facet normal -0.987693 -0.156405 0
    outer loop
      vertex 18.5734 9.53648 3.5
      vertex 18.5 10 5
      vertex 18.5 10 3.5
    endloop
  endfacet
  facet normal -0.987693 -0.156405 0
    outer loop
      vertex 18.5 10 5
      vertex 18.5734 9.53648 3.5
      vertex 18.5734 9.53648 5
    endloop
  endfacet
  facet normal -0.707149 -0.707064 0
    outer loop
      vertex 19.1183 8.78648 3.5
      vertex 18.7865 9.11832 5
      vertex 18.7865 9.11832 3.5
    endloop
  endfacet
  facet normal -0.707149 -0.707064 0
    outer loop
      vertex 18.7865 9.11832 5
      vertex 19.1183 8.78648 3.5
      vertex 19.1183 8.78648 5
    endloop
  endfacet
  facet normal -0.890975 -0.454053 0
    outer loop
      vertex 18.7865 9.11832 3.5
      vertex 18.5734 9.53648 5
      vertex 18.5734 9.53648 3.5
    endloop
  endfacet
  facet normal -0.890975 -0.454053 0
    outer loop
      vertex 18.5734 9.53648 5
      vertex 18.7865 9.11832 3.5
      vertex 18.7865 9.11832 5
    endloop
  endfacet
  facet normal -0.987692 0.156411 0
    outer loop
      vertex 18.5 10 3.5
      vertex 18.5734 10.4635 5
      vertex 18.5734 10.4635 3.5
    endloop
  endfacet
  facet normal -0.987692 0.156411 0
    outer loop
      vertex 18.5734 10.4635 5
      vertex 18.5 10 3.5
      vertex 18.5 10 5
    endloop
  endfacet
  facet normal 0.890975 -0.454053 0
    outer loop
      vertex 21.2135 9.11832 5
      vertex 21.4266 9.53648 3.5
      vertex 21.4266 9.53648 5
    endloop
  endfacet
  facet normal 0.890975 -0.454053 0
    outer loop
      vertex 21.4266 9.53648 3.5
      vertex 21.2135 9.11832 5
      vertex 21.2135 9.11832 3.5
    endloop
  endfacet
  facet normal 0.156453 -0.987685 0
    outer loop
      vertex 20 8.5 3.5
      vertex 20.4635 8.57342 5
      vertex 20 8.5 5
    endloop
  endfacet
  facet normal 0.156453 -0.987685 0
    outer loop
      vertex 20.4635 8.57342 5
      vertex 20 8.5 3.5
      vertex 20.4635 8.57342 3.5
    endloop
  endfacet
  facet normal 0.453951 -0.891027 0
    outer loop
      vertex 20.4635 8.57342 3.5
      vertex 20.8817 8.78648 5
      vertex 20.4635 8.57342 5
    endloop
  endfacet
  facet normal 0.453951 -0.891027 0
    outer loop
      vertex 20.8817 8.78648 5
      vertex 20.4635 8.57342 3.5
      vertex 20.8817 8.78648 3.5
    endloop
  endfacet
  facet normal -0.156453 -0.987685 0
    outer loop
      vertex 19.5365 8.57342 3.5
      vertex 20 8.5 5
      vertex 19.5365 8.57342 5
    endloop
  endfacet
  facet normal -0.156453 -0.987685 -0
    outer loop
      vertex 20 8.5 5
      vertex 19.5365 8.57342 3.5
      vertex 20 8.5 3.5
    endloop
  endfacet
  facet normal 0 0 1
    outer loop
      vertex 20.8 10 5
      vertex 21.5 10 5
      vertex 21.4266 10.4635 5
    endloop
  endfacet
  facet normal 0 0 1
    outer loop
      vertex 20.6928 10.4 5
      vertex 21.4266 10.4635 5
      vertex 21.2135 10.8817 5
    endloop
  endfacet
  facet normal 0 0 1
    outer loop
      vertex 21.5 10 5
      vertex 20.8 10 5
      vertex 21.4266 9.53648 5
    endloop
  endfacet
  facet normal 0 0 1
    outer loop
      vertex 20.6928 10.4 5
      vertex 21.2135 10.8817 5
      vertex 20.8817 11.2135 5
    endloop
  endfacet
  facet normal -0 0 1
    outer loop
      vertex 20.6928 9.6 5
      vertex 21.4266 9.53648 5
      vertex 20.8 10 5
    endloop
  endfacet
  facet normal 0 0 1
    outer loop
      vertex 21.4266 9.53648 5
      vertex 20.6928 9.6 5
      vertex 21.2135 9.11832 5
    endloop
  endfacet
  facet normal 0 0 1
    outer loop
      vertex 21.4266 10.4635 5
      vertex 20.6928 10.4 5
      vertex 20.8 10 5
    endloop
  endfacet
  facet normal 0 0 1
    outer loop
      vertex 20.4 10.6928 5
      vertex 20.8817 11.2135 5
      vertex 20.4635 11.4266 5
    endloop
  endfacet
  facet normal 0 0 1
    outer loop
      vertex 20.8817 11.2135 5
      vertex 20.4 10.6928 5
      vertex 20.6928 10.4 5
    endloop
  endfacet
  facet normal 0 0 1
    outer loop
      vertex 20 10.8 5
      vertex 20.4635 11.4266 5
      vertex 20 11.5 5
    endloop
  endfacet
  facet normal 0 0 1
    outer loop
      vertex 20.4635 11.4266 5
      vertex 20 10.8 5
      vertex 20.4 10.6928 5
    endloop
  endfacet
  facet normal -0 0 1
    outer loop
      vertex 19.5365 11.4266 5
      vertex 20 10.8 5
      vertex 20 11.5 5
    endloop
  endfacet
  facet normal 0 0 1
    outer loop
      vertex 20 10.8 5
      vertex 19.5365 11.4266 5
      vertex 19.6 10.6928 5
    endloop
  endfacet
  facet normal -0 0 1
    outer loop
      vertex 19.1183 11.2135 5
      vertex 19.6 10.6928 5
      vertex 19.5365 11.4266 5
    endloop
  endfacet
  facet normal 0 0 1
    outer loop
      vertex 19.6 10.6928 5
      vertex 19.1183 11.2135 5
      vertex 19.3072 10.4 5
    endloop
  endfacet
  facet normal -0 0 1
    outer loop
      vertex 18.7865 10.8817 5
      vertex 19.3072 10.4 5
      vertex 19.1183 11.2135 5
    endloop
  endfacet
  facet normal 0 0 1
    outer loop
      vertex 21.2135 9.11832 5
      vertex 20.6928 9.6 5
      vertex 20.8817 8.78648 5
    endloop
  endfacet
  facet normal -0 0 1
    outer loop
      vertex 20.4 9.30718 5
      vertex 20.8817 8.78648 5
      vertex 20.6928 9.6 5
    endloop
  endfacet
  facet normal 0 0 1
    outer loop
      vertex 20.8817 8.78648 5
      vertex 20.4 9.30718 5
      vertex 20.4635 8.57342 5
    endloop
  endfacet
  facet normal -0 0 1
    outer loop
      vertex 20 9.2 5
      vertex 20.4635 8.57342 5
      vertex 20.4 9.30718 5
    endloop
  endfacet
  facet normal 0 0 1
    outer loop
      vertex 20 9.2 5
      vertex 20 8.5 5
      vertex 20.4635 8.57342 5
    endloop
  endfacet
  facet normal 0 0 1
    outer loop
      vertex 19.5365 8.57342 5
      vertex 20 9.2 5
      vertex 19.6 9.30718 5
    endloop
  endfacet
  facet normal 0 0 1
    outer loop
      vertex 20 9.2 5
      vertex 19.5365 8.57342 5
      vertex 20 8.5 5
    endloop
  endfacet
  facet normal 0 0 1
    outer loop
      vertex 19.1183 8.78648 5
      vertex 19.6 9.30718 5
      vertex 19.3072 9.6 5
    endloop
  endfacet
  facet normal 0 0 1
    outer loop
      vertex 18.5734 9.53648 5
      vertex 19.3072 9.6 5
      vertex 19.2 10 5
    endloop
  endfacet
  facet normal 0 0 1
    outer loop
      vertex 19.6 9.30718 5
      vertex 19.1183 8.78648 5
      vertex 19.5365 8.57342 5
    endloop
  endfacet
  facet normal -0 0 1
    outer loop
      vertex 18.5734 10.4635 5
      vertex 19.3072 10.4 5
      vertex 18.7865 10.8817 5
    endloop
  endfacet
  facet normal 0 0 1
    outer loop
      vertex 19.3072 10.4 5
      vertex 18.5734 10.4635 5
      vertex 19.2 10 5
    endloop
  endfacet
  facet normal 0 0 1
    outer loop
      vertex 19.3072 9.6 5
      vertex 18.7865 9.11832 5
      vertex 19.1183 8.78648 5
    endloop
  endfacet
  facet normal 0 0 1
    outer loop
      vertex 18.5 10 5
      vertex 19.2 10 5
      vertex 18.5734 10.4635 5
    endloop
  endfacet
  facet normal 0 0 1
    outer loop
      vertex 19.3072 9.6 5
      vertex 18.5734 9.53648 5
      vertex 18.7865 9.11832 5
    endloop
  endfacet
  facet normal 0 0 1
    outer loop
      vertex 19.2 10 5
      vertex 18.5 10 5
      vertex 18.5734 9.53648 5
    endloop
  endfacet
  facet normal 0.987693 -0.156405 0
    outer loop
      vertex 21.4266 9.53648 5
      vertex 21.5 10 3.5
      vertex 21.5 10 5
    endloop
  endfacet
  facet normal 0.987693 -0.156405 0
    outer loop
      vertex 21.5 10 3.5
      vertex 21.4266 9.53648 5
      vertex 21.4266 9.53648 3.5
    endloop
  endfacet
  facet normal -0.965914 -0.258865 0
    outer loop
      vertex 20.8 10 3.5
      vertex 20.6928 10.4 5
      vertex 20.6928 10.4 3.5
    endloop
  endfacet
  facet normal -0.965914 -0.258865 0
    outer loop
      vertex 20.6928 10.4 5
      vertex 20.8 10 3.5
      vertex 20.8 10 5
    endloop
  endfacet
  facet normal 0.965914 -0.258865 0
    outer loop
      vertex 19.2 10 5
      vertex 19.3072 10.4 3.5
      vertex 19.3072 10.4 5
    endloop
  endfacet
  facet normal 0.965914 -0.258865 0
    outer loop
      vertex 19.3072 10.4 3.5
      vertex 19.2 10 5
      vertex 19.2 10 3.5
    endloop
  endfacet
  facet normal -0.258865 -0.965914 0
    outer loop
      vertex 20 10.8 3.5
      vertex 20.4 10.6928 5
      vertex 20 10.8 5
    endloop
  endfacet
  facet normal -0.258865 -0.965914 -0
    outer loop
      vertex 20.4 10.6928 5
      vertex 20 10.8 3.5
      vertex 20.4 10.6928 3.5
    endloop
  endfacet
  facet normal -0.707107 -0.707107 0
    outer loop
      vertex 20.6928 10.4 3.5
      vertex 20.4 10.6928 5
      vertex 20.4 10.6928 3.5
    endloop
  endfacet
  facet normal -0.707107 -0.707107 0
    outer loop
      vertex 20.4 10.6928 5
      vertex 20.6928 10.4 3.5
      vertex 20.6928 10.4 5
    endloop
  endfacet
  facet normal 0.258865 -0.965914 0
    outer loop
      vertex 19.6 10.6928 3.5
      vertex 20 10.8 5
      vertex 19.6 10.6928 5
    endloop
  endfacet
  facet normal 0.258865 -0.965914 0
    outer loop
      vertex 20 10.8 5
      vertex 19.6 10.6928 3.5
      vertex 20 10.8 3.5
    endloop
  endfacet
  facet normal -0.25882 0.965926 0
    outer loop
      vertex 20.4 9.30718 3.5
      vertex 20 9.2 5
      vertex 20.4 9.30718 5
    endloop
  endfacet
  facet normal -0.25882 0.965926 0
    outer loop
      vertex 20 9.2 5
      vertex 20.4 9.30718 3.5
      vertex 20 9.2 3.5
    endloop
  endfacet
  facet normal 0.25882 0.965926 -0
    outer loop
      vertex 20 9.2 3.5
      vertex 19.6 9.30718 5
      vertex 20 9.2 5
    endloop
  endfacet
  facet normal 0.25882 0.965926 0
    outer loop
      vertex 19.6 9.30718 5
      vertex 20 9.2 3.5
      vertex 19.6 9.30718 3.5
    endloop
  endfacet
  facet normal 0.965914 0.258865 0
    outer loop
      vertex 19.3072 9.6 5
      vertex 19.2 10 3.5
      vertex 19.2 10 5
    endloop
  endfacet
  facet normal 0.965914 0.258865 0
    outer loop
      vertex 19.2 10 3.5
      vertex 19.3072 9.6 5
      vertex 19.3072 9.6 3.5
    endloop
  endfacet
  facet normal 0.707107 -0.707107 0
    outer loop
      vertex 19.3072 10.4 5
      vertex 19.6 10.6928 3.5
      vertex 19.6 10.6928 5
    endloop
  endfacet
  facet normal 0.707107 -0.707107 0
    outer loop
      vertex 19.6 10.6928 3.5
      vertex 19.3072 10.4 5
      vertex 19.3072 10.4 3.5
    endloop
  endfacet
  facet normal 0.707131 0.707083 0
    outer loop
      vertex 19.6 9.30718 5
      vertex 19.3072 9.6 3.5
      vertex 19.3072 9.6 5
    endloop
  endfacet
  facet normal 0.707131 0.707083 0
    outer loop
      vertex 19.3072 9.6 3.5
      vertex 19.6 9.30718 5
      vertex 19.6 9.30718 3.5
    endloop
  endfacet
  facet normal -0.707131 0.707083 0
    outer loop
      vertex 20.4 9.30718 3.5
      vertex 20.6928 9.6 5
      vertex 20.6928 9.6 3.5
    endloop
  endfacet
  facet normal -0.707131 0.707083 0
    outer loop
      vertex 20.6928 9.6 5
      vertex 20.4 9.30718 3.5
      vertex 20.4 9.30718 5
    endloop
  endfacet
  facet normal -0.965914 0.258865 0
    outer loop
      vertex 20.6928 9.6 3.5
      vertex 20.8 10 5
      vertex 20.8 10 3.5
    endloop
  endfacet
  facet normal -0.965914 0.258865 0
    outer loop
      vertex 20.8 10 5
      vertex 20.6928 9.6 3.5
      vertex 20.6928 9.6 5
    endloop
  endfacet
  facet normal 0.987692 0.156411 0
    outer loop
      vertex 21.5 20 5
      vertex 21.4266 20.4635 3.5
      vertex 21.4266 20.4635 5
    endloop
  endfacet
  facet normal 0.987692 0.156411 0
    outer loop
      vertex 21.4266 20.4635 3.5
      vertex 21.5 20 5
      vertex 21.5 20 3.5
    endloop
  endfacet
  facet normal 0.454018 0.890992 -0
    outer loop
      vertex 20.8817 21.2135 3.5
      vertex 20.4635 21.4266 5
      vertex 20.8817 21.2135 5
    endloop
  endfacet
  facet normal 0.454018 0.890992 0
    outer loop
      vertex 20.4635 21.4266 5
      vertex 20.8817 21.2135 3.5
      vertex 20.4635 21.4266 3.5
    endloop
  endfacet
  facet normal -0.890992 0.454018 0
    outer loop
      vertex 18.5734 20.4635 3.5
      vertex 18.7865 20.8817 5
      vertex 18.7865 20.8817 3.5
    endloop
  endfacet
  facet normal -0.890992 0.454018 0
    outer loop
      vertex 18.7865 20.8817 5
      vertex 18.5734 20.4635 3.5
      vertex 18.5734 20.4635 5
    endloop
  endfacet
  facet normal -0.454018 -0.890992 0
    outer loop
      vertex 19.1183 18.7865 3.5
      vertex 19.5365 18.5734 5
      vertex 19.1183 18.7865 5
    endloop
  endfacet
  facet normal -0.454018 -0.890992 -0
    outer loop
      vertex 19.5365 18.5734 5
      vertex 19.1183 18.7865 3.5
      vertex 19.5365 18.5734 3.5
    endloop
  endfacet
  facet normal 0.707107 0.707107 0
    outer loop
      vertex 21.2135 20.8817 5
      vertex 20.8817 21.2135 3.5
      vertex 20.8817 21.2135 5
    endloop
  endfacet
  facet normal 0.707107 0.707107 0
    outer loop
      vertex 20.8817 21.2135 3.5
      vertex 21.2135 20.8817 5
      vertex 21.2135 20.8817 3.5
    endloop
  endfacet
  facet normal 0.890992 0.454018 0
    outer loop
      vertex 21.4266 20.4635 5
      vertex 21.2135 20.8817 3.5
      vertex 21.2135 20.8817 5
    endloop
  endfacet
  facet normal 0.890992 0.454018 0
    outer loop
      vertex 21.2135 20.8817 3.5
      vertex 21.4266 20.4635 5
      vertex 21.4266 20.4635 3.5
    endloop
  endfacet
  facet normal 0.156411 0.987692 -0
    outer loop
      vertex 20.4635 21.4266 3.5
      vertex 20 21.5 5
      vertex 20.4635 21.4266 5
    endloop
  endfacet
  facet normal 0.156411 0.987692 0
    outer loop
      vertex 20 21.5 5
      vertex 20.4635 21.4266 3.5
      vertex 20 21.5 3.5
    endloop
  endfacet
  facet normal -0.156411 0.987692 0
    outer loop
      vertex 20 21.5 3.5
      vertex 19.5365 21.4266 5
      vertex 20 21.5 5
    endloop
  endfacet
  facet normal -0.156411 0.987692 0
    outer loop
      vertex 19.5365 21.4266 5
      vertex 20 21.5 3.5
      vertex 19.5365 21.4266 3.5
    endloop
  endfacet
  facet normal -0.707107 0.707107 0
    outer loop
      vertex 18.7865 20.8817 3.5
      vertex 19.1183 21.2135 5
      vertex 19.1183 21.2135 3.5
    endloop
  endfacet
  facet normal -0.707107 0.707107 0
    outer loop
      vertex 19.1183 21.2135 5
      vertex 18.7865 20.8817 3.5
      vertex 18.7865 20.8817 5
    endloop
  endfacet
  facet normal -0.454018 0.890992 0
    outer loop
      vertex 19.5365 21.4266 3.5
      vertex 19.1183 21.2135 5
      vertex 19.5365 21.4266 5
    endloop
  endfacet
  facet normal -0.454018 0.890992 0
    outer loop
      vertex 19.1183 21.2135 5
      vertex 19.5365 21.4266 3.5
      vertex 19.1183 21.2135 3.5
    endloop
  endfacet
  facet normal 0.707107 -0.707107 0
    outer loop
      vertex 20.8817 18.7865 5
      vertex 21.2135 19.1183 3.5
      vertex 21.2135 19.1183 5
    endloop
  endfacet
  facet normal 0.707107 -0.707107 0
    outer loop
      vertex 21.2135 19.1183 3.5
      vertex 20.8817 18.7865 5
      vertex 20.8817 18.7865 3.5
    endloop
  endfacet
  facet normal -0.987692 -0.156411 0
    outer loop
      vertex 18.5734 19.5365 3.5
      vertex 18.5 20 5
      vertex 18.5 20 3.5
    endloop
  endfacet
  facet normal -0.987692 -0.156411 0
    outer loop
      vertex 18.5 20 5
      vertex 18.5734 19.5365 3.5
      vertex 18.5734 19.5365 5
    endloop
  endfacet
  facet normal -0.707107 -0.707107 0
    outer loop
      vertex 19.1183 18.7865 3.5
      vertex 18.7865 19.1183 5
      vertex 18.7865 19.1183 3.5
    endloop
  endfacet
  facet normal -0.707107 -0.707107 0
    outer loop
      vertex 18.7865 19.1183 5
      vertex 19.1183 18.7865 3.5
      vertex 19.1183 18.7865 5
    endloop
  endfacet
  facet normal -0.890992 -0.454018 0
    outer loop
      vertex 18.7865 19.1183 3.5
      vertex 18.5734 19.5365 5
      vertex 18.5734 19.5365 3.5
    endloop
  endfacet
  facet normal -0.890992 -0.454018 0
    outer loop
      vertex 18.5734 19.5365 5
      vertex 18.7865 19.1183 3.5
      vertex 18.7865 19.1183 5
    endloop
  endfacet
  facet normal -0.987692 0.156411 0
    outer loop
      vertex 18.5 20 3.5
      vertex 18.5734 20.4635 5
      vertex 18.5734 20.4635 3.5
    endloop
  endfacet
  facet normal -0.987692 0.156411 0
    outer loop
      vertex 18.5734 20.4635 5
      vertex 18.5 20 3.5
      vertex 18.5 20 5
    endloop
  endfacet
  facet normal 0.890992 -0.454018 0
    outer loop
      vertex 21.2135 19.1183 5
      vertex 21.4266 19.5365 3.5
      vertex 21.4266 19.5365 5
    endloop
  endfacet
  facet normal 0.890992 -0.454018 0
    outer loop
      vertex 21.4266 19.5365 3.5
      vertex 21.2135 19.1183 5
      vertex 21.2135 19.1183 3.5
    endloop
  endfacet
  facet normal 0.156411 -0.987692 0
    outer loop
      vertex 20 18.5 3.5
      vertex 20.4635 18.5734 5
      vertex 20 18.5 5
    endloop
  endfacet
  facet normal 0.156411 -0.987692 0
    outer loop
      vertex 20.4635 18.5734 5
      vertex 20 18.5 3.5
      vertex 20.4635 18.5734 3.5
    endloop
  endfacet
  facet normal 0.454018 -0.890992 0
    outer loop
      vertex 20.4635 18.5734 3.5
      vertex 20.8817 18.7865 5
      vertex 20.4635 18.5734 5
    endloop
  endfacet
  facet normal 0.454018 -0.890992 0
    outer loop
      vertex 20.8817 18.7865 5
      vertex 20.4635 18.5734 3.5
      vertex 20.8817 18.7865 3.5
    endloop
  endfacet
  facet normal -0.156411 -0.987692 0
    outer loop
      vertex 19.5365 18.5734 3.5
      vertex 20 18.5 5
      vertex 19.5365 18.5734 5
    endloop
  endfacet
  facet normal -0.156411 -0.987692 -0
    outer loop
      vertex 20 18.5 5
      vertex 19.5365 18.5734 3.5
      vertex 20 18.5 3.5
    endloop
  endfacet
  facet normal 0 0 1
    outer loop
      vertex 20.8 20 5
      vertex 21.5 20 5
      vertex 21.4266 20.4635 5
    endloop
  endfacet
  facet normal 0 0 1
    outer loop
      vertex 20.6928 20.4 5
      vertex 21.4266 20.4635 5
      vertex 21.2135 20.8817 5
    endloop
  endfacet
  facet normal 0 0 1
    outer loop
      vertex 21.5 20 5
      vertex 20.8 20 5
      vertex 21.4266 19.5365 5
    endloop
  endfacet
  facet normal 0 0 1
    outer loop
      vertex 20.6928 20.4 5
      vertex 21.2135 20.8817 5
      vertex 20.8817 21.2135 5
    endloop
  endfacet
  facet normal -0 0 1
    outer loop
      vertex 20.6928 19.6 5
      vertex 21.4266 19.5365 5
      vertex 20.8 20 5
    endloop
  endfacet
  facet normal 0 0 1
    outer loop
      vertex 21.4266 19.5365 5
      vertex 20.6928 19.6 5
      vertex 21.2135 19.1183 5
    endloop
  endfacet
  facet normal 0 0 1
    outer loop
      vertex 21.4266 20.4635 5
      vertex 20.6928 20.4 5
      vertex 20.8 20 5
    endloop
  endfacet
  facet normal 0 0 1
    outer loop
      vertex 20.4 20.6928 5
      vertex 20.8817 21.2135 5
      vertex 20.4635 21.4266 5
    endloop
  endfacet
  facet normal 0 0 1
    outer loop
      vertex 20.8817 21.2135 5
      vertex 20.4 20.6928 5
      vertex 20.6928 20.4 5
    endloop
  endfacet
  facet normal 0 0 1
    outer loop
      vertex 20 20.8 5
      vertex 20.4635 21.4266 5
      vertex 20 21.5 5
    endloop
  endfacet
  facet normal 0 0 1
    outer loop
      vertex 20.4635 21.4266 5
      vertex 20 20.8 5
      vertex 20.4 20.6928 5
    endloop
  endfacet
  facet normal -0 0 1
    outer loop
      vertex 19.5365 21.4266 5
      vertex 20 20.8 5
      vertex 20 21.5 5
    endloop
  endfacet
  facet normal 0 0 1
    outer loop
      vertex 20 20.8 5
      vertex 19.5365 21.4266 5
      vertex 19.6 20.6928 5
    endloop
  endfacet
  facet normal -0 0 1
    outer loop
      vertex 19.1183 21.2135 5
      vertex 19.6 20.6928 5
      vertex 19.5365 21.4266 5
    endloop
  endfacet
  facet normal 0 0 1
    outer loop
      vertex 19.6 20.6928 5
      vertex 19.1183 21.2135 5
      vertex 19.3072 20.4 5
    endloop
  endfacet
  facet normal -0 0 1
    outer loop
      vertex 18.7865 20.8817 5
      vertex 19.3072 20.4 5
      vertex 19.1183 21.2135 5
    endloop
  endfacet
  facet normal 0 0 1
    outer loop
      vertex 21.2135 19.1183 5
      vertex 20.6928 19.6 5
      vertex 20.8817 18.7865 5
    endloop
  endfacet
  facet normal -0 0 1
    outer loop
      vertex 20.4 19.3072 5
      vertex 20.8817 18.7865 5
      vertex 20.6928 19.6 5
    endloop
  endfacet
  facet normal 0 0 1
    outer loop
      vertex 20.8817 18.7865 5
      vertex 20.4 19.3072 5
      vertex 20.4635 18.5734 5
    endloop
  endfacet
  facet normal -0 0 1
    outer loop
      vertex 20 19.2 5
      vertex 20.4635 18.5734 5
      vertex 20.4 19.3072 5
    endloop
  endfacet
  facet normal 0 0 1
    outer loop
      vertex 20 19.2 5
      vertex 20 18.5 5
      vertex 20.4635 18.5734 5
    endloop
  endfacet
  facet normal 0 0 1
    outer loop
      vertex 19.5365 18.5734 5
      vertex 20 19.2 5
      vertex 19.6 19.3072 5
    endloop
  endfacet
  facet normal 0 0 1
    outer loop
      vertex 20 19.2 5
      vertex 19.5365 18.5734 5
      vertex 20 18.5 5
    endloop
  endfacet
  facet normal 0 0 1
    outer loop
      vertex 19.1183 18.7865 5
      vertex 19.6 19.3072 5
      vertex 19.3072 19.6 5
    endloop
  endfacet
  facet normal 0 0 1
    outer loop
      vertex 18.5734 19.5365 5
      vertex 19.3072 19.6 5
      vertex 19.2 20 5
    endloop
  endfacet
  facet normal 0 0 1
    outer loop
      vertex 19.6 19.3072 5
      vertex 19.1183 18.7865 5
      vertex 19.5365 18.5734 5
    endloop
  endfacet
  facet normal -0 0 1
    outer loop
      vertex 18.5734 20.4635 5
      vertex 19.3072 20.4 5
      vertex 18.7865 20.8817 5
    endloop
  endfacet
  facet normal 0 0 1
    outer loop
      vertex 19.3072 20.4 5
      vertex 18.5734 20.4635 5
      vertex 19.2 20 5
    endloop
  endfacet
  facet normal 0 0 1
    outer loop
      vertex 19.3072 19.6 5
      vertex 18.7865 19.1183 5
      vertex 19.1183 18.7865 5
    endloop
  endfacet
  facet normal 0 0 1
    outer loop
      vertex 18.5 20 5
      vertex 19.2 20 5
      vertex 18.5734 20.4635 5
    endloop
  endfacet
  facet normal 0 0 1
    outer loop
      vertex 19.3072 19.6 5
      vertex 18.5734 19.5365 5
      vertex 18.7865 19.1183 5
    endloop
  endfacet
  facet normal 0 0 1
    outer loop
      vertex 19.2 20 5
      vertex 18.5 20 5
      vertex 18.5734 19.5365 5
    endloop
  endfacet
  facet normal 0.987692 -0.156411 0
    outer loop
      vertex 21.4266 19.5365 5
      vertex 21.5 20 3.5
      vertex 21.5 20 5
    endloop
  endfacet
  facet normal 0.987692 -0.156411 0
    outer loop
      vertex 21.5 20 3.5
      vertex 21.4266 19.5365 5
      vertex 21.4266 19.5365 3.5
    endloop
  endfacet
  facet normal -0.965914 -0.258865 0
    outer loop
      vertex 20.8 20 3.5
      vertex 20.6928 20.4 5
      vertex 20.6928 20.4 3.5
    endloop
  endfacet
  facet normal -0.965914 -0.258865 0
    outer loop
      vertex 20.6928 20.4 5
      vertex 20.8 20 3.5
      vertex 20.8 20 5
    endloop
  endfacet
  facet normal 0.965914 -0.258865 0
    outer loop
      vertex 19.2 20 5
      vertex 19.3072 20.4 3.5
      vertex 19.3072 20.4 5
    endloop
  endfacet
  facet normal 0.965914 -0.258865 0
    outer loop
      vertex 19.3072 20.4 3.5
      vertex 19.2 20 5
      vertex 19.2 20 3.5
    endloop
  endfacet
  facet normal -0.258865 -0.965914 0
    outer loop
      vertex 20 20.8 3.5
      vertex 20.4 20.6928 5
      vertex 20 20.8 5
    endloop
  endfacet
  facet normal -0.258865 -0.965914 -0
    outer loop
      vertex 20.4 20.6928 5
      vertex 20 20.8 3.5
      vertex 20.4 20.6928 3.5
    endloop
  endfacet
  facet normal -0.707107 -0.707107 0
    outer loop
      vertex 20.6928 20.4 3.5
      vertex 20.4 20.6928 5
      vertex 20.4 20.6928 3.5
    endloop
  endfacet
  facet normal -0.707107 -0.707107 0
    outer loop
      vertex 20.4 20.6928 5
      vertex 20.6928 20.4 3.5
      vertex 20.6928 20.4 5
    endloop
  endfacet
  facet normal 0.258865 -0.965914 0
    outer loop
      vertex 19.6 20.6928 3.5
      vertex 20 20.8 5
      vertex 19.6 20.6928 5
    endloop
  endfacet
  facet normal 0.258865 -0.965914 0
    outer loop
      vertex 20 20.8 5
      vertex 19.6 20.6928 3.5
      vertex 20 20.8 3.5
    endloop
  endfacet
  facet normal -0.258865 0.965914 0
    outer loop
      vertex 20.4 19.3072 3.5
      vertex 20 19.2 5
      vertex 20.4 19.3072 5
    endloop
  endfacet
  facet normal -0.258865 0.965914 0
    outer loop
      vertex 20 19.2 5
      vertex 20.4 19.3072 3.5
      vertex 20 19.2 3.5
    endloop
  endfacet
  facet normal 0.258865 0.965914 -0
    outer loop
      vertex 20 19.2 3.5
      vertex 19.6 19.3072 5
      vertex 20 19.2 5
    endloop
  endfacet
  facet normal 0.258865 0.965914 0
    outer loop
      vertex 19.6 19.3072 5
      vertex 20 19.2 3.5
      vertex 19.6 19.3072 3.5
    endloop
  endfacet
  facet normal 0.965914 0.258865 0
    outer loop
      vertex 19.3072 19.6 5
      vertex 19.2 20 3.5
      vertex 19.2 20 5
    endloop
  endfacet
  facet normal 0.965914 0.258865 0
    outer loop
      vertex 19.2 20 3.5
      vertex 19.3072 19.6 5
      vertex 19.3072 19.6 3.5
    endloop
  endfacet
  facet normal 0.707107 -0.707107 0
    outer loop
      vertex 19.3072 20.4 5
      vertex 19.6 20.6928 3.5
      vertex 19.6 20.6928 5
    endloop
  endfacet
  facet normal 0.707107 -0.707107 0
    outer loop
      vertex 19.6 20.6928 3.5
      vertex 19.3072 20.4 5
      vertex 19.3072 20.4 3.5
    endloop
  endfacet
  facet normal 0.707107 0.707107 0
    outer loop
      vertex 19.6 19.3072 5
      vertex 19.3072 19.6 3.5
      vertex 19.3072 19.6 5
    endloop
  endfacet
  facet normal 0.707107 0.707107 0
    outer loop
      vertex 19.3072 19.6 3.5
      vertex 19.6 19.3072 5
      vertex 19.6 19.3072 3.5
    endloop
  endfacet
  facet normal -0.707107 0.707107 0
    outer loop
      vertex 20.4 19.3072 3.5
      vertex 20.6928 19.6 5
      vertex 20.6928 19.6 3.5
    endloop
  endfacet
  facet normal -0.707107 0.707107 0
    outer loop
      vertex 20.6928 19.6 5
      vertex 20.4 19.3072 3.5
      vertex 20.4 19.3072 5
    endloop
  endfacet
  facet normal -0.965914 0.258865 0
    outer loop
      vertex 20.6928 19.6 3.5
      vertex 20.8 20 5
      vertex 20.8 20 3.5
    endloop
  endfacet
  facet normal -0.965914 0.258865 0
    outer loop
      vertex 20.8 20 5
      vertex 20.6928 19.6 3.5
      vertex 20.6928 19.6 5
    endloop
  endfacet
  facet normal -1 0 0
    outer loop
      vertex 12 3 2
      vertex 12 27 3.5
      vertex 12 27 2
    endloop
  endfacet
  facet normal -1 -0 0
    outer loop
      vertex 12 27 3.5
      vertex 12 3 2
      vertex 12 3 3.5
    endloop
  endfacet
  facet normal -0 0 1
    outer loop
      vertex 21.4266 10.4635 3.5
      vertex 47 3 3.5
      vertex 21.4266 19.5365 3.5
    endloop
  endfacet
  facet normal 0 0 1
    outer loop
      vertex 47 3 3.5
      vertex 21.4266 10.4635 3.5
      vertex 21.5 10 3.5
    endloop
  endfacet
  facet normal -0 0 1
    outer loop
      vertex 21.2135 19.1183 3.5
      vertex 21.4266 10.4635 3.5
      vertex 21.4266 19.5365 3.5
    endloop
  endfacet
  facet normal 0 0 1
    outer loop
      vertex 21.2135 19.1183 3.5
      vertex 21.2135 10.8817 3.5
      vertex 21.4266 10.4635 3.5
    endloop
  endfacet
  facet normal -0 0 1
    outer loop
      vertex 20.8817 18.7865 3.5
      vertex 21.2135 10.8817 3.5
      vertex 21.2135 19.1183 3.5
    endloop
  endfacet
  facet normal 0 0 1
    outer loop
      vertex 20.8817 18.7865 3.5
      vertex 20.8817 11.2135 3.5
      vertex 21.2135 10.8817 3.5
    endloop
  endfacet
  facet normal -0 0 1
    outer loop
      vertex 20.4635 18.5734 3.5
      vertex 20.8817 11.2135 3.5
      vertex 20.8817 18.7865 3.5
    endloop
  endfacet
  facet normal 0 0 1
    outer loop
      vertex 20.4635 18.5734 3.5
      vertex 20.4635 11.4266 3.5
      vertex 20.8817 11.2135 3.5
    endloop
  endfacet
  facet normal -0 0 1
    outer loop
      vertex 20 18.5 3.5
      vertex 20.4635 11.4266 3.5
      vertex 20.4635 18.5734 3.5
    endloop
  endfacet
  facet normal 0 0 1
    outer loop
      vertex 20 18.5 3.5
      vertex 20 11.5 3.5
      vertex 20.4635 11.4266 3.5
    endloop
  endfacet
  facet normal 0 0 1
    outer loop
      vertex 19.5365 18.5734 3.5
      vertex 20 11.5 3.5
      vertex 20 18.5 3.5
    endloop
  endfacet
  facet normal 0 0 1
    outer loop
      vertex 19.5365 18.5734 3.5
      vertex 19.5365 11.4266 3.5
      vertex 20 11.5 3.5
    endloop
  endfacet
  facet normal 0 0 1
    outer loop
      vertex 19.1183 18.7865 3.5
      vertex 19.5365 11.4266 3.5
      vertex 19.5365 18.5734 3.5
    endloop
  endfacet
  facet normal 0 0 1
    outer loop
      vertex 19.1183 18.7865 3.5
      vertex 19.1183 11.2135 3.5
      vertex 19.5365 11.4266 3.5
    endloop
  endfacet
  facet normal 0 0 1
    outer loop
      vertex 18.7865 19.1183 3.5
      vertex 19.1183 11.2135 3.5
      vertex 19.1183 18.7865 3.5
    endloop
  endfacet
  facet normal 0 0 1
    outer loop
      vertex 18.7865 19.1183 3.5
      vertex 18.7865 10.8817 3.5
      vertex 19.1183 11.2135 3.5
    endloop
  endfacet
  facet normal 0 0 1
    outer loop
      vertex 18.5734 19.5365 3.5
      vertex 18.7865 10.8817 3.5
      vertex 18.7865 19.1183 3.5
    endloop
  endfacet
  facet normal 0 0 1
    outer loop
      vertex 18.5734 19.5365 3.5
      vertex 18.5734 10.4635 3.5
      vertex 18.7865 10.8817 3.5
    endloop
  endfacet
  facet normal 0 0 1
    outer loop
      vertex 12 27 3.5
      vertex 18.5734 19.5365 3.5
      vertex 18.5 20 3.5
    endloop
  endfacet
  facet normal 0 0 1
    outer loop
      vertex 18.5734 19.5365 3.5
      vertex 12 27 3.5
      vertex 18.5734 10.4635 3.5
    endloop
  endfacet
  facet normal 0 0 1
    outer loop
      vertex 21.4266 19.5365 3.5
      vertex 47 27 3.5
      vertex 21.5 20 3.5
    endloop
  endfacet
  facet normal 0 0 1
    outer loop
      vertex 47 27 3.5
      vertex 21.4266 20.4635 3.5
      vertex 21.5 20 3.5
    endloop
  endfacet
  facet normal 0 0 1
    outer loop
      vertex 47 27 3.5
      vertex 21.2135 20.8817 3.5
      vertex 21.4266 20.4635 3.5
    endloop
  endfacet
  facet normal 0 0 1
    outer loop
      vertex 47 27 3.5
      vertex 20.8817 21.2135 3.5
      vertex 21.2135 20.8817 3.5
    endloop
  endfacet
  facet normal 0 0 1
    outer loop
      vertex 47 27 3.5
      vertex 20.4635 21.4266 3.5
      vertex 20.8817 21.2135 3.5
    endloop
  endfacet
  facet normal -0 0 1
    outer loop
      vertex 12 27 3.5
      vertex 20.4635 21.4266 3.5
      vertex 47 27 3.5
    endloop
  endfacet
  facet normal 0 0 1
    outer loop
      vertex 20.4635 21.4266 3.5
      vertex 12 27 3.5
      vertex 20 21.5 3.5
    endloop
  endfacet
  facet normal 0 0 1
    outer loop
      vertex 12 3 3.5
      vertex 18.5734 10.4635 3.5
      vertex 12 27 3.5
    endloop
  endfacet
  facet normal 0 0 1
    outer loop
      vertex 18.5734 20.4635 3.5
      vertex 12 27 3.5
      vertex 18.5 20 3.5
    endloop
  endfacet
  facet normal 0 0 1
    outer loop
      vertex 18.7865 20.8817 3.5
      vertex 12 27 3.5
      vertex 18.5734 20.4635 3.5
    endloop
  endfacet
  facet normal 0 0 1
    outer loop
      vertex 19.1183 21.2135 3.5
      vertex 12 27 3.5
      vertex 18.7865 20.8817 3.5
    endloop
  endfacet
  facet normal 0 0 1
    outer loop
      vertex 19.5365 21.4266 3.5
      vertex 12 27 3.5
      vertex 19.1183 21.2135 3.5
    endloop
  endfacet
  facet normal 0 0 1
    outer loop
      vertex 20 21.5 3.5
      vertex 12 27 3.5
      vertex 19.5365 21.4266 3.5
    endloop
  endfacet
  facet normal 0 0 1
    outer loop
      vertex 47 27 3.5
      vertex 21.4266 19.5365 3.5
      vertex 47 3 3.5
    endloop
  endfacet
  facet normal -0 0 1
    outer loop
      vertex 21.4266 9.53648 3.5
      vertex 47 3 3.5
      vertex 21.5 10 3.5
    endloop
  endfacet
  facet normal -0 0 1
    outer loop
      vertex 21.2135 9.11832 3.5
      vertex 47 3 3.5
      vertex 21.4266 9.53648 3.5
    endloop
  endfacet
  facet normal -0 0 1
    outer loop
      vertex 20.8817 8.78648 3.5
      vertex 47 3 3.5
      vertex 21.2135 9.11832 3.5
    endloop
  endfacet
  facet normal -0 0 1
    outer loop
      vertex 20.4635 8.57342 3.5
      vertex 47 3 3.5
      vertex 20.8817 8.78648 3.5
    endloop
  endfacet
  facet normal 0 0 1
    outer loop
      vertex 12 3 3.5
      vertex 20.4635 8.57342 3.5
      vertex 20 8.5 3.5
    endloop
  endfacet
  facet normal 0 0 1
    outer loop
      vertex 12 3 3.5
      vertex 20 8.5 3.5
      vertex 19.5365 8.57342 3.5
    endloop
  endfacet
  facet normal 0 0 1
    outer loop
      vertex 18.5734 10.4635 3.5
      vertex 12 3 3.5
      vertex 18.5 10 3.5
    endloop
  endfacet
  facet normal 0 0 1
    outer loop
      vertex 20.4635 8.57342 3.5
      vertex 12 3 3.5
      vertex 47 3 3.5
    endloop
  endfacet
  facet normal 0 0 1
    outer loop
      vertex 19.1183 8.78648 3.5
      vertex 12 3 3.5
      vertex 19.5365 8.57342 3.5
    endloop
  endfacet
  facet normal 0 0 1
    outer loop
      vertex 18.7865 9.11832 3.5
      vertex 12 3 3.5
      vertex 19.1183 8.78648 3.5
    endloop
  endfacet
  facet normal 0 0 1
    outer loop
      vertex 18.5734 9.53648 3.5
      vertex 12 3 3.5
      vertex 18.7865 9.11832 3.5
    endloop
  endfacet
  facet normal 0 0 1
    outer loop
      vertex 18.5 10 3.5
      vertex 12 3 3.5
      vertex 18.5734 9.53648 3.5
    endloop
  endfacet
  facet normal 0 0 1
    outer loop
      vertex 20.6928 10.4 3.5
      vertex 20.6928 9.6 3.5
      vertex 20.8 10 3.5
    endloop
  endfacet
  facet normal 0 0 1
    outer loop
      vertex 20.4 10.6928 3.5
      vertex 20.6928 9.6 3.5
      vertex 20.6928 10.4 3.5
    endloop
  endfacet
  facet normal 0 0 1
    outer loop
      vertex 20.4 10.6928 3.5
      vertex 20.4 9.30718 3.5
      vertex 20.6928 9.6 3.5
    endloop
  endfacet
  facet normal 0 0 1
    outer loop
      vertex 20 10.8 3.5
      vertex 20.4 9.30718 3.5
      vertex 20.4 10.6928 3.5
    endloop
  endfacet
  facet normal 0 0 1
    outer loop
      vertex 20 10.8 3.5
      vertex 20 9.2 3.5
      vertex 20.4 9.30718 3.5
    endloop
  endfacet
  facet normal -0 0 1
    outer loop
      vertex 19.6 10.6928 3.5
      vertex 20 9.2 3.5
      vertex 20 10.8 3.5
    endloop
  endfacet
  facet normal 0 0 1
    outer loop
      vertex 19.6 10.6928 3.5
      vertex 19.6 9.30718 3.5
      vertex 20 9.2 3.5
    endloop
  endfacet
  facet normal -0 0 1
    outer loop
      vertex 19.3072 10.4 3.5
      vertex 19.6 9.30718 3.5
      vertex 19.6 10.6928 3.5
    endloop
  endfacet
  facet normal 0 0 1
    outer loop
      vertex 19.3072 10.4 3.5
      vertex 19.3072 9.6 3.5
      vertex 19.6 9.30718 3.5
    endloop
  endfacet
  facet normal 0 -0 1
    outer loop
      vertex 19.3072 9.6 3.5
      vertex 19.3072 10.4 3.5
      vertex 19.2 10 3.5
    endloop
  endfacet
  facet normal 0 0 1
    outer loop
      vertex 20.6928 20.4 3.5
      vertex 20.6928 19.6 3.5
      vertex 20.8 20 3.5
    endloop
  endfacet
  facet normal 0 0 1
    outer loop
      vertex 20.4 20.6928 3.5
      vertex 20.6928 19.6 3.5
      vertex 20.6928 20.4 3.5
    endloop
  endfacet
  facet normal 0 0 1
    outer loop
      vertex 20.4 20.6928 3.5
      vertex 20.4 19.3072 3.5
      vertex 20.6928 19.6 3.5
    endloop
  endfacet
  facet normal 0 0 1
    outer loop
      vertex 20 20.8 3.5
      vertex 20.4 19.3072 3.5
      vertex 20.4 20.6928 3.5
    endloop
  endfacet
  facet normal 0 0 1
    outer loop
      vertex 20 20.8 3.5
      vertex 20 19.2 3.5
      vertex 20.4 19.3072 3.5
    endloop
  endfacet
  facet normal -0 0 1
    outer loop
      vertex 19.6 20.6928 3.5
      vertex 20 19.2 3.5
      vertex 20 20.8 3.5
    endloop
  endfacet
  facet normal 0 0 1
    outer loop
      vertex 19.6 20.6928 3.5
      vertex 19.6 19.3072 3.5
      vertex 20 19.2 3.5
    endloop
  endfacet
  facet normal -0 0 1
    outer loop
      vertex 19.3072 20.4 3.5
      vertex 19.6 19.3072 3.5
      vertex 19.6 20.6928 3.5
    endloop
  endfacet
  facet normal 0 0 1
    outer loop
      vertex 19.3072 20.4 3.5
      vertex 19.3072 19.6 3.5
      vertex 19.6 19.3072 3.5
    endloop
  endfacet
  facet normal 0 -0 1
    outer loop
      vertex 19.3072 19.6 3.5
      vertex 19.3072 20.4 3.5
      vertex 19.2 20 3.5
    endloop
  endfacet
  facet normal 1 -0 0
    outer loop
      vertex 47 3 3.5
      vertex 47 27 2
      vertex 47 27 3.5
    endloop
  endfacet
  facet normal 1 0 0
    outer loop
      vertex 47 27 2
      vertex 47 3 3.5
      vertex 47 3 2
    endloop
  endfacet
  facet normal 0 1 -0
    outer loop
      vertex 47 27 2
      vertex 12 27 3.5
      vertex 47 27 3.5
    endloop
  endfacet
  facet normal 0 1 0
    outer loop
      vertex 12 27 3.5
      vertex 47 27 2
      vertex 12 27 2
    endloop
  endfacet
  facet normal 0 -1 0
    outer loop
      vertex 12 3 2
      vertex 47 3 3.5
      vertex 12 3 3.5
    endloop
  endfacet
  facet normal 0 -1 -0
    outer loop
      vertex 47 3 3.5
      vertex 12 3 2
      vertex 47 3 2
    endloop
  endfacet
endsolid OpenSCAD_Model
